Industry,Name,AccountSource,BillingCountry,BillingState,Owner.Name,Type,AnnualRevenue,NumberOfEmployees,Segment,Sic
Technology,Greer122 Inc,Partner,Thailand,,Eric Gutierrez,Customer,1000000,5000,MM,1610
Banking,Stewart123 Inc,Public Relations,Switzerland,,Julie Chavez,Partner,1000000,5000,ENT,1629
Manufacturing,Frank124 Inc,Web,Normway,,Catherine Brown,Partner,1000000,5000,ESMB,2400
Telecommunications,Burke125 Inc,Web,Hong Kong,,Johnny Green,Customer,1000000,5000,COMM,3220
Healthcare,Bates126 Inc,Partner,Korea,,Kelly Frazier,Partner,1000000,5000,ENT,1610
Transportation,Nash127 Inc,Word of mouth,Japan,,Johnny Green,Customer,1000000,5000,COMM,1629
Transportation,Morton128 Inc,Web,Japan,,Laura Garza,Customer,1000000,5000,SMB,2400
Agriculture,Cruz129 Inc,Trade Show,Korea,,Nicolas Weaver,Customer,1000000,5000,MM,3220
Apparel,Jennings130 Inc,Word of mouth,Switzerland,,Dennis Howard,Customer,1000000,5000,ESMB,1610
Manufacturing,Rodgers131 Inc,Trade Show,Italy,,Evelyn Williamson,Customer,1000000,5000,COMM,1629
Apparel,Cobb132 Inc,Employee Referral,Taiwan,,Dennis Howard,Customer,1000000,5000,MM,2400
Technology,Johnston133 Inc,Trade Show,USA,OR,Evelyn Williamson,Customer,1000000,5000,COMM,3220
Finance,Nichols134 Inc,Word of mouth,Canada,AZ,Laura Palmer,Customer,1000000,5000,COMM,1610
Manufacturing,Larson135 Inc,Partner,Hong Kong,,Laura Garza,Customer,1000000,5000,GB,1629
Energy,Thompson136 Inc,Web,Thailand,,Eric Sanchez,Customer,1000000,5000,MM,2400
Electronics,Ramirez137 Inc,Employee Referral,Japan,,Dennis Howard,Customer,1000000,5000,SMB,3220
Retail,Peters138 Inc,Web,Spain,,Irene Kelley,Customer,1000000,5000,COMM,1610
Transportation,Pope139 Inc,Web,USA,KY,John Williams,Partner,1000000,5000,ESMB,1629
Energy,Lopez140 Inc,Trade Show,China,,Kelly Frazier,Customer,1000000,5000,GB,2400
Utilities,Daniels141 Inc,Partner,Germany,,John Williams,Customer,1000000,5000,GB,3220
Energy,Underwood142 Inc,Advertisement,Canada,NJ,Nicolas Weaver,Customer,1000000,5000,COMM,1610
Media,McKenzie143 Inc,Employee Referral,Italy,,Chris Riley,Customer,1000000,5000,GB,1629
Engineering,Quinn144 Inc,Employee Referral,Brazil,,Eric Sanchez,Customer,1000000,5000,MM,2400
Insurance,Newman145 Inc,Employee Referral,Canada,MS,Bruce Kennedy,Customer,1000000,5000,MM,3220
Energy,Knight146 Inc,Employee Referral,USA,CT,Nicolas Weaver,Customer,1000000,5000,SMB,1610
Biotechnology,Graves147 Inc,Word of mouth,USA,CO,Evelyn Williamson,Customer,1000000,5000,SMB,1629
Biotechnology,Thomas148 Inc,Word of mouth,Japan,,Irene McCoy,Customer,1000000,5000,COMM,2400
Insurance,Colon149 Inc,Web,Taiwan,,Irene Kelley,Partner,1000000,5000,GB,3220
Utilities,Salazar150 Inc,Advertisement,United Kingdom,,John Williams,Customer,1000000,5000,SMB,1610
Transportation,McGuire151 Inc,Word of mouth,Russian,,Laura Garza,Customer,1000000,5000,GB,1629
Electronics,Butler152 Inc,Advertisement,Canada,HI,Johnny Green,Partner,1000000,5000,SMB,2400
Education,Miles153 Inc,Employee Referral,Italy,,Bruce Kennedy,Partner,1000000,5000,MM,3220
Apparel,Mann154 Inc,Trade Show,Korea,,Julie Chavez,Customer,1000000,5000,SMB,1610
Banking,Reyes155 Inc,Advertisement,Switzerland,,Bruce Kennedy,Customer,1000000,5000,COMM,1629
Healthcare,Nguyen156 Inc,Public Relations,Italy,,Eric Sanchez,Customer,1000000,5000,ENT,2400
Communications,Fletcher157 Inc,Partner,Spain,,Eric Sanchez,Customer,1000000,5000,SMB,3220
Biotechnology,Parsons158 Inc,Employee Referral,Korea,,Kelly Frazier,Partner,1000000,5000,SMB,1610
Media,Flores159 Inc,Employee Referral,Brazil,,Kelly Frazier,Customer,1000000,5000,COMM,1629
Education,Shaw160 Inc,Employee Referral,France,,Bruce Kennedy,Customer,1000000,5000,MM,2400
Education,Dawson161 Inc,Partner,India,,Eric Gutierrez,Customer,1000000,5000,ESMB,3220
Technology,McCarthy162 Inc,Employee Referral,Korea,,Dennis Howard,Partner,1000000,5000,SMB,1610
Media,Lopez363 Inc,Word of mouth,Russian,,Evelyn Williamson,Customer,1000000,5000,MM,1629
Insurance,Ross364 Inc,Public Relations,Normway,,Johnny Green,Customer,1000000,5000,MM,2400
Banking,Luna365 Inc,Partner,USA,WV,Harold Campbell,Partner,1000000,5000,ESMB,74100
Technology,Moreno366 Inc,Web,Canada,NY,Bruce Kennedy,Customer,1000000,5000,ENT,47710
Healthcare,Clarke367 Inc,Web,Turkey,,Harold Campbell,Customer,1000000,5000,MM,47721
Biotechnology,Dunn368 Inc,Partner,USA,ID,John Williams,Customer,1000000,5000,COMM,47722
Media,Coleman369 Inc,Employee Referral,Canada,CO,Bruce Kennedy,Customer,1000000,5000,MM,74100
Finance,Beck370 Inc,Advertisement,Hong Kong,,Laura Palmer,Customer,1000000,5000,GB,47710
Insurance,Dennis371 Inc,Word of mouth,Brazil,,Bruce Kennedy,Customer,1000000,5000,COMM,47721
Consulting,Abbott372 Inc,Word of mouth,USA,HI,Bruce Kennedy,Partner,1000000,5000,GB,47722
Education,Duncan373 Inc,Employee Referral,Japan,,Nicolas Weaver,Partner,1000000,5000,ESMB,74100
Agriculture,Fuller374 Inc,Employee Referral,USA,DE,Johnny Green,Customer,1000000,5000,MM,47710
Insurance,Klein375 Inc,Web,Canada,UT,Catherine Brown,Customer,1000000,5000,MM,47721
Biotechnology,Dixon376 Inc,Public Relations,USA,NH,Laura Palmer,Customer,1000000,5000,MM,47722
Energy,Rivera377 Inc,Employee Referral,Sweden,,Irene McCoy,Partner,1000000,5000,GB,74100
Insurance,Armstrong378 Inc,Trade Show,Canada,NE,Johnny Green,Customer,1000000,5000,GB,47710
Apparel,Banks379 Inc,Employee Referral,Japan,,Eric Sanchez,Partner,1000000,5000,ESMB,47721
Banking,Nash380 Inc,Advertisement,Normway,,Dennis Howard,Customer,1000000,5000,SMB,47722
Apparel,Webb381 Inc,Advertisement,Denmark,,Dennis Howard,Customer,1000000,5000,ESMB,74100
Agriculture,Robinson382 Inc,Employee Referral,China,,Kelly Frazier,Partner,1000000,5000,ESMB,47710
Electronics,Houston383 Inc,Trade Show,USA,CT,Julie Chavez,Customer,1000000,5000,GB,47721
Insurance,Rios384 Inc,Web,Japan,,Eric Gutierrez,Partner,1000000,5000,ENT,47722
Apparel,Rivera385 Inc,Advertisement,Japan,,Kelly Frazier,Customer,1000000,5000,MM,74100
Retail,Arnold386 Inc,Word of mouth,Canada,RI,Irene McCoy,Customer,1000000,5000,GB,47710
Technology,Banks163 Inc,Partner,USA,TX,Eric Gutierrez,Customer,1000000,5000,SMB,47721
Telecommunications,King177 Inc,Web,USA,TX,Catherine Brown,Customer,1000000,5000,SMB,47722
Apparel,Morrison178 Inc,Partner,Normway,,Dennis Howard,Customer,1000000,5000,COMM,74100
Engineering,Perez179 Inc,Partner,Taiwan,,Nicolas Weaver,Customer,1000000,5000,MM,47710
Media,Quinn180 Inc,Advertisement,USA,KS,Johnny Green,Customer,1000000,5000,GB,47721
Biotechnology,Martinez181 Inc,Partner,USA,ME,Julie Chavez,Customer,1000000,5000,SMB,47722
Apparel,Allen182 Inc,Trade Show,Switzerland,,Irene McCoy,Customer,1000000,5000,MM,74100
Apparel,Williamson183 Inc,Advertisement,Canada,NM,Bruce Kennedy,Partner,1000000,5000,SMB,47710
Education,Crawford184 Inc,Partner,Canada,OK,Laura Garza,Customer,1000000,5000,SMB,47721
Banking,Klein185 Inc,Employee Referral,Switzerland,,Johnny Green,Customer,1000000,5000,SMB,47722
Retail,Reed186 Inc,Web,Germany,,Irene McCoy,Customer,1000000,5000,COMM,74100
Energy,Duncan187 Inc,Word of mouth,Italy,,Laura Palmer,Partner,1000000,5000,GB,47710
Electronics,Christensen164 Inc,Web,Japan,,Harold Campbell,Customer,1000000,5000,MM,47721
Apparel,Webb165 Inc,Employee Referral,Canada,NE,Doroth Gardner,Customer,1000000,5000,MM,47722
Utilities,Figueroa166 Inc,Partner,Belgium,,Catherine Brown,Customer,1000000,5000,SMB,74100
Energy,Stone167 Inc,Word of mouth,USA,CO,Johnny Green,Partner,1000000,5000,ESMB,47710
Apparel,Newman168 Inc,Employee Referral,United Kingdom,,Doroth Gardner,Partner,1000000,5000,COMM,47721
Consulting,Baker169 Inc,Employee Referral,China,,Dennis Howard,Customer,1000000,5000,ENT,47722
Banking,Coleman170 Inc,Partner,Taiwan,,John Williams,Customer,1000000,5000,ENT,74100
Transportation,Olson171 Inc,Word of mouth,United Kingdom,,Nicolas Weaver,Customer,1000000,5000,COMM,47710
Utilities,Carter172 Inc,Trade Show,Australia,,Johnny Green,Partner,1000000,5000,ENT,47721
Transportation,Greer173 Inc,Advertisement,Canada,MN,Irene McCoy,Customer,1000000,5000,COMM,47722
Healthcare,Jordan174 Inc,Word of mouth,India,,Johnny Green,Customer,1000000,5000,ENT,74100
Insurance,Wise175 Inc,Seminar - Internal,USA,SC,Dennis Howard,Partner,1000000,5000,MM,47710
Energy,Carpenter176 Inc,Public Relations,Japan,,Laura Palmer,Partner,1000000,5000,SMB,47721
Retail,Flores188 Inc,Employee Referral,Canada,VA,Chris Riley,Customer,1000000,5000,MM,47722
Transportation,Hoffman387 Inc,Partner,Canada,WV,Bruce Kennedy,Partner,1000000,5000,GB,74100
Education,Ross388 Inc,Web,USA,IA,Eric Gutierrez,Customer,1000000,5000,MM,47710
Manufacturing,Fleming389 Inc,Word of mouth,Switzerland,,John Williams,Customer,1000000,5000,ESMB,47721
Energy,Gardner390 Inc,Web,Germany,,Irene Kelley,Customer,1000000,5000,MM,47722
Insurance,Stephens391 Inc,Trade Show,Canada,MI,Eric Gutierrez,Customer,1000000,5000,COMM,74100
Retail,Pratt392 Inc,Employee Referral,Russian,,Johnny Green,Partner,1000000,5000,ESMB,47710
Education,Wilson393 Inc,Advertisement,Brazil,,Catherine Brown,Customer,1000000,5000,MM,47721
Education,Robinson394 Inc,Word of mouth,Italy,,Irene McCoy,Customer,1000000,5000,MM,47722
Engineering,Rivera395 Inc,Seminar - Internal,USA,ND,Laura Palmer,Customer,2000000,8000,SMB,74100
Finance,Cook396 Inc,Advertisement,Singapore,,Laura Palmer,Partner,2000000,8000,SMB,47710
Education,Warren397 Inc,Employee Referral,USA,SC,Nicolas Weaver,Customer,2000000,8000,SMB,47721
Media,Brewer398 Inc,Word of mouth,Canada,DC,Nicolas Weaver,Customer,2000000,8000,ENT,47722
Manufacturing,Pittman399 Inc,Employee Referral,USA,ME,John Williams,Customer,2000000,8000,SMB,74100
Telecommunications,Owens400 Inc,Advertisement,USA,IA,Nicolas Weaver,Customer,2000000,8000,ENT,47710
Communications,Tucker401 Inc,Employee Referral,Japan,,Harold Campbell,Customer,2000000,8000,SMB,47721
Finance,Briggs402 Inc,Seminar - Internal,Taiwan,,Irene McCoy,Customer,2000000,8000,SMB,47722
Agriculture,Scott403 Inc,Web,USA,CT,Irene McCoy,Partner,2000000,8000,ESMB,74100
Agriculture,Watson404 Inc,Web,Brazil,,Catherine Brown,Customer,2000000,8000,GB,47710
Energy,Henry405 Inc,Advertisement,United Kingdom,,Dennis Howard,Customer,2000000,8000,SMB,47721
Engineering,Gordon406 Inc,Advertisement,Denmark,,Laura Palmer,Customer,2000000,8000,COMM,47722
Utilities,Oliver407 Inc,Word of mouth,Brazil,,Bruce Kennedy,Customer,2000000,8000,ENT,74100
Technology,Myers408 Inc,Employee Referral,USA,MO,Kelly Frazier,Partner,2000000,8000,ESMB,64191
Engineering,Gonzales409 Inc,Web,Denmark,,Doroth Gardner,Customer,2000000,8000,GB,64192
Consulting,Myers581 Inc,Employee Referral,Canada,FL,Eric Sanchez,Customer,2000000,8000,ESMB,64205
Technology,Flores582 Inc,Partner,USA,CA,Doroth Gardner,Partner,2000000,8000,MM,64929
Apparel,Schultz583 Inc,Word of mouth,Sweden,,Irene Kelley,Partner,2000000,8000,ESMB,64991
Banking,Guerrero584 Inc,Employee Referral,Thailand,,Eric Sanchez,Customer,2000000,8000,SMB,66110
Finance,Gill585 Inc,Web,Russian,,Eric Gutierrez,Customer,2000000,8000,SMB,64191
Technology,McCoy586 Inc,Employee Referral,USA,IN,Julie Chavez,Customer,2000000,8000,GB,64192
Communications,Griffin587 Inc,Word of mouth,Korea,,Dennis Howard,Customer,2000000,8000,MM,64205
Transportation,Owens588 Inc,Web,Germany,,Nicolas Weaver,Customer,2000000,8000,COMM,64929
Consulting,Jackson589 Inc,Trade Show,Taiwan,,Kelly Frazier,Customer,2000000,8000,MM,64991
Retail,Perez590 Inc,Trade Show,USA,MA,Eric Gutierrez,Customer,2000000,8000,SMB,66110
Biotechnology,Klein591 Inc,Employee Referral,Korea,,Irene Kelley,Customer,2000000,8000,GB,64191
Banking,Stone592 Inc,Word of mouth,Japan,,Laura Garza,Customer,2000000,8000,COMM,64192
Engineering,Yates593 Inc,Advertisement,Japan,,Nicolas Weaver,Customer,2000000,8000,ESMB,64205
Energy,Benson594 Inc,Partner,USA,DE,Dennis Howard,Customer,2000000,8000,SMB,64929
Banking,Mendez595 Inc,Public Relations,USA,NM,Catherine Brown,Partner,2000000,8000,ESMB,64991
Biotechnology,Chambers596 Inc,Trade Show,Brazil,,Harold Campbell,Partner,2000000,8000,SMB,66110
Agriculture,Bishop597 Inc,Advertisement,United Kingdom,,Chris Riley,Customer,2000000,8000,MM,64191
Manufacturing,Black598 Inc,Partner,Japan,,Evelyn Williamson,Partner,2000000,8000,SMB,64192
Energy,Joseph599 Inc,Seminar - Internal,USA,IL,Johnny Green,Customer,2000000,8000,SMB,64205
Telecommunications,Hopkins600 Inc,Advertisement,France,,Evelyn Williamson,Partner,2000000,8000,GB,64929
Engineering,Rios771 Inc,Partner,India,,Dennis Howard,Partner,2000000,8000,COMM,64991
Transportation,Rice189 Inc,Employee Referral,Belgium,,John Williams,Customer,2000000,8000,ESMB,66110
Finance,Diaz190 Inc,Trade Show,Normway,,John Williams,Customer,2000000,8000,MM,64191
Energy,Houston191 Inc,Partner,Canada,CA,Catherine Brown,Customer,2000000,8000,ESMB,64192
Engineering,Lee192 Inc,Seminar - Internal,Mexico,,Johnny Green,Customer,2000000,8000,MM,64205
Retail,Curtis193 Inc,Employee Referral,USA,HI,Harold Campbell,Customer,2000000,8000,COMM,64929
Communications,Jensen194 Inc,Word of mouth,Japan,,Kelly Frazier,Customer,2000000,8000,MM,64991
Transportation,Harris195 Inc,Employee Referral,Switzerland,,Irene Kelley,Partner,2000000,8000,MM,66110
Utilities,Vasquez196 Inc,Employee Referral,Taiwan,,Nicolas Weaver,Customer,2000000,8000,SMB,64191
Communications,Webster197 Inc,Employee Referral,Japan,,Irene McCoy,Customer,2000000,8000,SMB,64192
Transportation,Perkins198 Inc,Partner,Normway,,Dennis Howard,Customer,2000000,8000,SMB,64205
Transportation,Montgomery199 Inc,Public Relations,Normway,,Julie Chavez,Customer,2000000,8000,GB,64929
Insurance,Stokes200 Inc,Seminar - Internal,Italy,,Nicolas Weaver,Partner,2000000,8000,MM,64991
Technology,Austin201 Inc,Word of mouth,Russian,,Eric Gutierrez,Customer,2000000,8000,ESMB,66110
Apparel,Reeves202 Inc,Partner,Sweden,,Irene McCoy,Customer,2000000,8000,COMM,64191
Healthcare,Simmons203 Inc,Advertisement,USA,NC,Chris Riley,Customer,2000000,8000,ENT,64192
Technology,Howell204 Inc,Trade Show,Canada,OK,Johnny Green,Customer,2000000,8000,COMM,64205
Manufacturing,Sandoval205 Inc,Partner,Russian,,Julie Chavez,Customer,2000000,8000,GB,64929
Biotechnology,Miller206 Inc,Public Relations,Italy,,Laura Palmer,Partner,2000000,8000,COMM,64991
Banking,Stone207 Inc,Word of mouth,Russian,,Laura Garza,Customer,2000000,8000,ESMB,66110
Energy,Thomas208 Inc,Partner,Hong Kong,,Eric Gutierrez,Customer,2000000,8000,COMM,64191
Utilities,Gonzales209 Inc,Partner,Brazil,,Harold Campbell,Customer,2000000,8000,COMM,64192
Agriculture,Romero210 Inc,Word of mouth,USA,AZ,Eric Sanchez,Customer,2000000,8000,GB,64205
Banking,Simmons211 Inc,Advertisement,USA,AZ,Catherine Brown,Customer,2000000,8000,SMB,64929
Manufacturing,Cannon212 Inc,Public Relations,USA,VT,Johnny Green,Customer,2000000,8000,MM,64991
Insurance,Barker213 Inc,Employee Referral,India,,Eric Gutierrez,Customer,2000000,8000,GB,66110
Electronics,Vega214 Inc,Advertisement,Russian,,John Williams,Customer,2000000,8000,SMB,64191
Biotechnology,Pittman435 Inc,Word of mouth,Russian,,Irene McCoy,Customer,2000000,8000,COMM,64192
Media,Foster410 Inc,Trade Show,Japan,,Laura Garza,Customer,2000000,8000,GB,64205
Communications,Payne411 Inc,Word of mouth,USA,VT,Irene Kelley,Customer,2000000,8000,SMB,64929
Banking,Rodriquez412 Inc,Web,USA,IN,Irene Kelley,Customer,2000000,8000,SMB,64991
Banking,Hawkins413 Inc,Public Relations,Normway,,Johnny Green,Partner,2000000,8000,ESMB,66110
Communications,Stone414 Inc,Web,Japan,,Harold Campbell,Partner,2000000,8000,SMB,64191
Technology,Daniel415 Inc,Web,Brazil,,Irene McCoy,Customer,2000000,8000,SMB,64192
Energy,West416 Inc,Advertisement,United Kingdom,,Laura Garza,Customer,2000000,8000,SMB,64205
Manufacturing,Wells417 Inc,Advertisement,Hong Kong,,Dennis Howard,Customer,2000000,8000,SMB,64929
Electronics,Tyler418 Inc,Partner,Canada,PA,Johnny Green,Partner,2000000,8000,ESMB,64991
Energy,Joseph419 Inc,Partner,Canada,CA,Bruce Kennedy,Customer,2000000,8000,SMB,66110
Media,Curry420 Inc,Partner,Turkey,,Chris Riley,Customer,2000000,8000,SMB,64191
Education,Wagner421 Inc,Word of mouth,USA,MO,Doroth Gardner,Customer,2000000,8000,COMM,64192
Electronics,Rodriguez422 Inc,Employee Referral,Canada,SC,Doroth Gardner,Customer,2000000,8000,GB,64205
Banking,Wells423 Inc,Word of mouth,USA,NV,Julie Chavez,Customer,2000000,8000,COMM,64929
Electronics,Larson424 Inc,Trade Show,USA,UT,Laura Garza,Customer,2000000,8000,ESMB,64991
Biotechnology,Davis425 Inc,Advertisement,USA,WY,Laura Garza,Customer,2000000,8000,COMM,66110
Healthcare,Abbott426 Inc,Advertisement,Sweden,,Irene McCoy,Partner,2000000,8000,SMB,21100
Energy,Garza427 Inc,Partner,Turkey,,Eric Sanchez,Partner,2000000,8000,COMM,72110
Healthcare,Sparks428 Inc,Word of mouth,Japan,,Harold Campbell,Customer,2000000,8000,GB,21100
Retail,Fletcher429 Inc,Employee Referral,Germany,,Irene McCoy,Customer,2000000,8000,SMB,72110
Banking,Morris430 Inc,Employee Referral,USA,ND,Eric Sanchez,Partner,2000000,8000,ESMB,21100
Engineering,James431 Inc,Word of mouth,Singapore,,Evelyn Williamson,Customer,2000000,8000,GB,72110
Technology,Newman432 Inc,Seminar - Internal,Canada,NM,Doroth Gardner,Customer,2000000,8000,MM,21100
Telecommunications,Duncan433 Inc,Advertisement,Canada,MI,Chris Riley,Customer,2000000,8000,COMM,72110
Transportation,Edwards434 Inc,Seminar - Internal,USA,IN,Eric Gutierrez,Partner,2000000,8000,COMM,21100
Technology,Roberson601 Inc,Employee Referral,Belgium,,Laura Garza,Partner,2000000,8000,ENT,72110
Healthcare,McCarthy602 Inc,Word of mouth,Hong Kong,,Eric Gutierrez,Partner,2000000,8000,SMB,21100
Insurance,Chavez603 Inc,Employee Referral,China,,Evelyn Williamson,Partner,2000000,8000,SMB,72110
Media,Reed604 Inc,Trade Show,Germany,,Chris Riley,Customer,2000000,8000,GB,21100
Banking,Lopez605 Inc,Trade Show,Canada,AL,Nicolas Weaver,Customer,2000000,8000,GB,72110
Healthcare,Davidson606 Inc,Partner,Switzerland,,Julie Chavez,Customer,2000000,8000,GB,21100
Insurance,Hayes607 Inc,Trade Show,Turkey,,Catherine Brown,Customer,2000000,8000,MM,72110
Media,Rodriguez608 Inc,Public Relations,USA,FL,Johnny Green,Partner,2000000,8000,SMB,21100
Finance,Buchanan609 Inc,Word of mouth,USA,AZ,Kelly Frazier,Partner,2000000,8000,ENT,72110
Transportation,Potter610 Inc,Employee Referral,USA,NH,Evelyn Williamson,Customer,2000000,8000,MM,21100
Consulting,Lamb611 Inc,Word of mouth,Thailand,,Bruce Kennedy,Partner,2000000,8000,MM,72110
Agriculture,Day612 Inc,Web,USA,AR,Laura Palmer,Customer,2000000,8000,SMB,21100
Transportation,Moody613 Inc,Web,Japan,,Dennis Howard,Customer,2000000,8000,MM,72110
Finance,Marsh614 Inc,Partner,Mexico,,Nicolas Weaver,Partner,2000000,8000,MM,21100
Insurance,Lee615 Inc,Trade Show,Turkey,,Harold Campbell,Customer,2000000,8000,COMM,72110
Media,Ingram616 Inc,Partner,Canada,NH,John Williams,Customer,2000000,8000,ESMB,21100
Telecommunications,Roy617 Inc,Employee Referral,Canada,TX,John Williams,Customer,2000000,8000,MM,72110
Transportation,Buchanan618 Inc,Web,Turkey,,Dennis Howard,Customer,2000000,8000,SMB,21100
Banking,Maxwell619 Inc,Partner,USA,MO,Bruce Kennedy,Customer,2000000,8000,MM,72110
Manufacturing,Castillo620 Inc,Web,USA,ME,John Williams,Partner,2000000,8000,SMB,21100
Utilities,Lopez621 Inc,Word of mouth,France,,John Williams,Customer,2000000,8000,GB,72110
Energy,Thompson622 Inc,Word of mouth,Japan,,Julie Chavez,Customer,2000000,8000,SMB,21100
Apparel,Haynes623 Inc,Seminar - Internal,Korea,,Dennis Howard,Partner,2000000,8000,SMB,72110
Apparel,Quinn624 Inc,Trade Show,India,,Laura Palmer,Partner,2000000,8000,COMM,21100
Apparel,Lawrence772 Inc,Web,United Kingdom,,Irene Kelley,Customer,2000000,8000,ESMB,72110
Technology,Duncan773 Inc,Seminar - Internal,Japan,,Eric Sanchez,Customer,2000000,8000,ESMB,21100
Media,Gilbert774 Inc,Word of mouth,USA,MO,Bruce Kennedy,Partner,2000000,8000,MM,72110
Media,Joseph775 Inc,Public Relations,Canada,AZ,Doroth Gardner,Partner,2000000,8000,SMB,21100
Finance,Bridges776 Inc,Web,USA,WA,Johnny Green,Customer,2000000,8000,MM,72110
Apparel,Figueroa777 Inc,Web,USA,CT,Eric Gutierrez,Partner,2000000,8000,COMM,21100
Apparel,Santiago778 Inc,Seminar - Internal,Japan,,Chris Riley,Partner,2000000,8000,GB,72110
Telecommunications,Richardson779 Inc,Word of mouth,Canada,NV,Dennis Howard,Partner,2000000,8000,ESMB,21100
Energy,Hamilton780 Inc,Employee Referral,Singapore,,Laura Garza,Partner,2000000,8000,MM,72110
Media,Norton781 Inc,Public Relations,Canada,MT,Harold Campbell,Customer,2000000,8000,SMB,21100
Transportation,Morgan782 Inc,Public Relations,Canada,SD,Doroth Gardner,Customer,2000000,8000,ENT,72110
Retail,Ingram783 Inc,Trade Show,Mexico,,Dennis Howard,Partner,2000000,8000,MM,21100
Agriculture,Palmer784 Inc,Partner,Canada,MS,Eric Gutierrez,Customer,2000000,8000,MM,72110
Biotechnology,Peters785 Inc,Word of mouth,Japan,,Harold Campbell,Partner,2000000,8000,MM,21100
Electronics,Hunt786 Inc,Word of mouth,Denmark,,Evelyn Williamson,Customer,2000000,8000,ENT,72110
Energy,Medina787 Inc,Web,Hong Kong,,Dennis Howard,Partner,2000000,8000,MM,21100
Utilities,French788 Inc,Partner,China,,Eric Gutierrez,Customer,2000000,8000,ENT,72110
Healthcare,Underwood789 Inc,Advertisement,India,,Johnny Green,Partner,2000000,8000,SMB,21100
Media,Keller1 Inc,Word of mouth,Canada,ND,Eric Gutierrez,Partner,2000000,8000,GB,72110
Healthcare,Herrera2 Inc,Trade Show,Canada,AR,Doroth Gardner,Customer,2000000,8000,COMM,21100
Transportation,Burgess3 Inc,Partner,Germany,,Julie Chavez,Customer,2000000,8000,COMM,72110
Engineering,Terry4 Inc,Advertisement,Turkey,,Julie Chavez,Partner,2000000,8000,SMB,21100
Agriculture,Robertson5 Inc,Employee Referral,Canada,AZ,Dennis Howard,Partner,2000000,8000,GB,72110
Insurance,Zimmerman6 Inc,Word of mouth,Thailand,,Irene Kelley,Customer,2000000,8000,MM,47429
Engineering,Holmes7 Inc,Word of mouth,Korea,,Dennis Howard,Customer,2000000,8000,MM,61900
Technology,Roberson8 Inc,Advertisement,Spain,,Chris Riley,Customer,2000000,8000,SMB,47429
Agriculture,Jefferson9 Inc,Advertisement,Switzerland,,Nicolas Weaver,Customer,2000000,4000,COMM,61900
Biotechnology,Mendez10 Inc,Web,Canada,MT,Laura Palmer,Customer,2000000,4000,SMB,47429
Healthcare,Graham11 Inc,Web,Turkey,,Eric Sanchez,Customer,2000000,4000,MM,61900
Manufacturing,Hardy12 Inc,Seminar - Internal,Canada,AR,Laura Palmer,Partner,2000000,4000,ESMB,47429
Banking,Harris13 Inc,Trade Show,Normway,,Laura Garza,Customer,2000000,4000,MM,61900
Telecommunications,Crawford14 Inc,Employee Referral,Belgium,,Eric Gutierrez,Customer,2000000,4000,COMM,47429
Utilities,Hampton15 Inc,Word of mouth,United Kingdom,,John Williams,Customer,2000000,4000,ENT,61900
Energy,Parker16 Inc,Employee Referral,USA,NC,Julie Chavez,Partner,2000000,4000,COMM,47429
Energy,Garza17 Inc,Trade Show,Canada,IN,Kelly Frazier,Partner,2000000,4000,MM,61900
Transportation,Ferguson18 Inc,Trade Show,Canada,NE,Laura Palmer,Partner,2000000,4000,MM,47429
Biotechnology,Bailey19 Inc,Word of mouth,USA,MT,Evelyn Williamson,Customer,2000000,4000,SMB,61900
Utilities,Vega20 Inc,Web,Korea,,Johnny Green,Customer,2000000,4000,GB,47429
Apparel,Goodman21 Inc,Partner,Germany,,Irene Kelley,Customer,2000000,4000,COMM,61900
Media,Austin22 Inc,Trade Show,Canada,MD,Harold Campbell,Customer,2000000,4000,MM,47429
Education,Byrd23 Inc,Employee Referral,Canada,MT,Harold Campbell,Customer,2000000,4000,ENT,61900
Energy,Lindsey24 Inc,Word of mouth,Italy,,Eric Sanchez,Customer,2000000,4000,SMB,47429
Communications,Lopez215 Inc,Web,Hong Kong,,Irene McCoy,Customer,2000000,4000,SMB,61900
Insurance,Tate216 Inc,Web,Canada,NV,Kelly Frazier,Partner,2000000,4000,SMB,47429
Biotechnology,Ingram217 Inc,Partner,Canada,MA,Catherine Brown,Partner,2000000,4000,MM,61900
Media,Lopez218 Inc,Employee Referral,USA,RI,Kelly Frazier,Customer,2000000,4000,SMB,47429
Consulting,Becker219 Inc,Web,Australia,,Bruce Kennedy,Customer,2000000,4000,MM,61900
Utilities,Cummings220 Inc,Partner,USA,IL,Bruce Kennedy,Customer,2000000,4000,ESMB,47429
Media,Harmon221 Inc,Word of mouth,Canada,HI,Johnny Green,Customer,2000000,4000,MM,61900
Energy,Singleton222 Inc,Employee Referral,USA,WY,Harold Campbell,Customer,2000000,4000,MM,85600
Education,Barber223 Inc,Employee Referral,Russian,,Julie Chavez,Customer,2000000,4000,MM,2400
Banking,Silva224 Inc,Partner,Brazil,,Bruce Kennedy,Customer,2000000,4000,MM,85600
Banking,Delgado225 Inc,Public Relations,United Kingdom,,Laura Garza,Partner,2000000,4000,SMB,2400
Media,Simmons226 Inc,Partner,China,,Dennis Howard,Customer,2000000,4000,GB,85600
Media,Gomez227 Inc,Employee Referral,United Kingdom,,Kelly Frazier,Customer,2000000,4000,COMM,2400
Retail,Martinez228 Inc,Web,USA,MA,Julie Chavez,Customer,2000000,4000,SMB,85600
Banking,Vaughn229 Inc,Seminar - Internal,USA,MS,Dennis Howard,Partner,2000000,4000,SMB,2400
Apparel,Hall230 Inc,Advertisement,Canada,OH,Dennis Howard,Partner,2000000,4000,SMB,85600
Education,Parks231 Inc,Word of mouth,Hong Kong,,Johnny Green,Customer,2000000,4000,SMB,2400
Media,Webb232 Inc,Advertisement,Thailand,,Bruce Kennedy,Customer,2000000,4000,SMB,85600
Finance,Meyer233 Inc,Advertisement,Canada,OH,Eric Gutierrez,Partner,2000000,4000,MM,2400
Manufacturing,Fletcher234 Inc,Web,Italy,,Harold Campbell,Partner,2000000,4000,SMB,85600
Manufacturing,McGee235 Inc,Advertisement,Canada,LA,Kelly Frazier,Partner,2000000,4000,ENT,2400
Biotechnology,Alvarado236 Inc,Word of mouth,Canada,WY,Evelyn Williamson,Customer,2000000,4000,GB,85600
Utilities,Perez237 Inc,Employee Referral,Canada,NY,Chris Riley,Partner,2000000,4000,COMM,2400
Manufacturing,Taylor238 Inc,Employee Referral,Canada,OH,Nicolas Weaver,Customer,2000000,4000,SMB,85600
Technology,Reeves436 Inc,Advertisement,Russian,,Eric Gutierrez,Customer,2000000,4000,MM,2400
Healthcare,Nguyen437 Inc,Trade Show,Japan,,Nicolas Weaver,Partner,2000000,4000,SMB,85600
Media,Williams438 Inc,Web,United Kingdom,,Dennis Howard,Customer,2000000,4000,COMM,2400
Media,Rivera439 Inc,Employee Referral,Japan,,John Williams,Partner,2000000,4000,MM,85600
Electronics,Mann440 Inc,Employee Referral,USA,OR,Julie Chavez,Customer,2000000,4000,SMB,2400
Agriculture,Owens441 Inc,Advertisement,Thailand,,Bruce Kennedy,Customer,2000000,4000,COMM,85600
Retail,Robinson442 Inc,Partner,Canada,AZ,Laura Palmer,Partner,2000000,4000,SMB,2400
Manufacturing,James443 Inc,Public Relations,Canada,RI,Harold Campbell,Partner,2000000,4000,ESMB,85600
Energy,Oliver444 Inc,Public Relations,Canada,UT,Chris Riley,Customer,2000000,4000,SMB,2400
Utilities,Norton445 Inc,Public Relations,Japan,,Johnny Green,Customer,2000000,4000,SMB,85600
Apparel,Benson446 Inc,Seminar - Internal,Belgium,,Evelyn Williamson,Customer,2000000,4000,MM,2400
Technology,Beck447 Inc,Trade Show,Canada,GA,Catherine Brown,Customer,2000000,4000,SMB,85600
Technology,Myers448 Inc,Partner,Normway,,John Williams,Customer,2000000,4000,MM,2400
Engineering,Robbins449 Inc,Word of mouth,Taiwan,,Nicolas Weaver,Customer,2000000,4000,GB,85600
Electronics,Cox450 Inc,Partner,USA,AR,Irene McCoy,Customer,2000000,4000,MM,2400
Healthcare,Collins451 Inc,Word of mouth,USA,MT,Dennis Howard,Customer,2000000,4000,ESMB,85600
Utilities,Lambert452 Inc,Public Relations,Thailand,,Harold Campbell,Customer,2000000,4000,GB,2400
Transportation,Paul453 Inc,Partner,China,,Kelly Frazier,Customer,2000000,4000,MM,85600
Finance,Bush454 Inc,Employee Referral,Normway,,Julie Chavez,Partner,2000000,4000,SMB,85100
Agriculture,Holloway455 Inc,Word of mouth,Italy,,Eric Gutierrez,Customer,2000000,4000,ENT,85200
Electronics,Bryant456 Inc,Partner,Taiwan,,Irene Kelley,Partner,2000000,4000,MM,85310
Energy,Romero457 Inc,Employee Referral,USA,NC,John Williams,Partner,2000000,4000,SMB,85320
Electronics,Summers458 Inc,Employee Referral,Canada,CA,Kelly Frazier,Customer,2000000,4000,ENT,85410
Consulting,Copeland459 Inc,Employee Referral,Japan,,Dennis Howard,Customer,2000000,4000,SMB,85421
Banking,Bowers460 Inc,Trade Show,Belgium,,Johnny Green,Partner,2000000,4000,COMM,85422
Retail,Rodgers461 Inc,Employee Referral,USA,NE,Irene McCoy,Partner,2000000,4000,ESMB,85100
Media,Boone625 Inc,Trade Show,Singapore,,Eric Gutierrez,Customer,2000000,4000,ESMB,85200
Insurance,Rodriquez626 Inc,Public Relations,USA,CA,Eric Gutierrez,Customer,2000000,4000,COMM,85310
Electronics,Hale627 Inc,Seminar - Internal,USA,ND,Doroth Gardner,Customer,2000000,4000,ENT,85320
Telecommunications,Stokes628 Inc,Trade Show,India,,Julie Chavez,Customer,2000000,4000,ENT,85410
Electronics,Edwards629 Inc,Partner,India,,Doroth Gardner,Customer,2000000,4000,COMM,85421
Agriculture,Gordon630 Inc,Public Relations,United Kingdom,,Harold Campbell,Partner,2000000,4000,GB,85422
Biotechnology,Thomas631 Inc,Employee Referral,Korea,,Laura Garza,Customer,2000000,4000,GB,85100
Manufacturing,Hodges632 Inc,Web,Switzerland,,Johnny Green,Customer,2000000,4000,MM,85200
Insurance,Lindsey633 Inc,Partner,France,,Eric Gutierrez,Customer,2000000,4000,SMB,85310
Manufacturing,Price634 Inc,Word of mouth,China,,Harold Campbell,Customer,2000000,4000,ESMB,85320
Transportation,Mack635 Inc,Web,USA,HI,Laura Palmer,Customer,2000000,4000,ESMB,85410
Consulting,Walton636 Inc,Trade Show,Canada,NE,Harold Campbell,Partner,2000000,4000,COMM,85421
Utilities,Herrera637 Inc,Partner,China,,Harold Campbell,Customer,2000000,4000,MM,85422
Insurance,Anderson638 Inc,Employee Referral,Russian,,Julie Chavez,Customer,2000000,4000,COMM,85100
Communications,Ryan639 Inc,Seminar - Internal,Japan,,Doroth Gardner,Customer,2000000,4000,MM,85200
Electronics,Paul640 Inc,Trade Show,France,,Evelyn Williamson,Customer,2000000,4000,GB,85310
Utilities,Hoffman641 Inc,Web,Brazil,,John Williams,Customer,2000000,4000,SMB,85320
Apparel,Norris642 Inc,Word of mouth,Mexico,,Dennis Howard,Customer,2000000,4000,COMM,85410
Media,Griffith643 Inc,Public Relations,Normway,,Julie Chavez,Partner,2000000,4000,MM,85421
Communications,Ingram644 Inc,Public Relations,Sweden,,Laura Garza,Customer,2000000,4000,COMM,85422
Biotechnology,Tran645 Inc,Word of mouth,China,,Dennis Howard,Customer,2000000,4000,ENT,85100
Banking,Zimmerman646 Inc,Web,Taiwan,,Kelly Frazier,Customer,2000000,4000,ESMB,85200
Agriculture,Norton790 Inc,Employee Referral,Canada,MO,Irene Kelley,Customer,2000000,4000,COMM,85310
Banking,Bradley791 Inc,Word of mouth,France,,Laura Garza,Customer,2000000,4000,MM,85320
Banking,Valdez792 Inc,Employee Referral,Canada,LA,Catherine Brown,Customer,2000000,4000,SMB,85410
Retail,Nguyen793 Inc,Partner,Turkey,,Harold Campbell,Partner,2000000,4000,ESMB,85421
Engineering,Weber794 Inc,Web,USA,WV,Chris Riley,Partner,2000000,4000,ENT,85422
Banking,Gordon795 Inc,Trade Show,Canada,MT,Irene McCoy,Partner,2000000,4000,GB,85100
Manufacturing,Mitchell796 Inc,Word of mouth,Normway,,Harold Campbell,Customer,2000000,4000,GB,85200
Manufacturing,Kim797 Inc,Partner,India,,Irene Kelley,Customer,2000000,4000,MM,85310
Agriculture,Tran798 Inc,Partner,Sweden,,Eric Gutierrez,Customer,2000000,4000,GB,85320
Technology,Thornton799 Inc,Word of mouth,Canada,WI,Laura Palmer,Customer,2000000,4000,MM,85410
Technology,Kim800 Inc,Employee Referral,Japan,,Evelyn Williamson,Customer,2000000,4000,ESMB,26400
Banking,Gutierrez801 Inc,Employee Referral,Germany,,Irene McCoy,Customer,2000000,4000,COMM,26511
Utilities,Munoz802 Inc,Employee Referral,Switzerland,,Bruce Kennedy,Customer,2000000,4000,ESMB,26512
Telecommunications,Webster803 Inc,Employee Referral,Japan,,Eric Sanchez,Partner,2000000,4000,SMB,27110
Banking,Roberts804 Inc,Advertisement,Japan,,Johnny Green,Partner,2000000,4000,MM,27120
Healthcare,Ellis805 Inc,Trade Show,Russian,,Johnny Green,Customer,2000000,4000,SMB,27200
Energy,Patrick806 Inc,Web,Sweden,,Doroth Gardner,Customer,2000000,4000,ESMB,27310
Apparel,Price807 Inc,Web,Taiwan,,Eric Gutierrez,Partner,2000000,4000,ESMB,27320
Transportation,Rodriguez808 Inc,Trade Show,Japan,,Johnny Green,Customer,2000000,4000,ENT,27330
Energy,Morales809 Inc,Trade Show,Canada,NJ,Doroth Gardner,Partner,2000000,4000,ENT,26400
Banking,Burton810 Inc,Public Relations,USA,NC,Irene Kelley,Partner,2000000,4000,ESMB,26511
Manufacturing,Chandler811 Inc,Employee Referral,USA,IN,Harold Campbell,Partner,2000000,4000,ESMB,26512
Energy,Adkins812 Inc,Web,India,,Irene McCoy,Customer,2000000,4000,MM,27110
Communications,Arnold813 Inc,Partner,Canada,NH,Laura Palmer,Customer,2000000,4000,GB,27120
Energy,Gordon814 Inc,Employee Referral,USA,MD,Irene McCoy,Partner,2000000,4000,ESMB,27200
Finance,Sims815 Inc,Web,USA,NY,Harold Campbell,Partner,2000000,4000,ESMB,27310
Energy,Stevenson947 Inc,Trade Show,Thailand,,Johnny Green,Customer,2000000,4000,SMB,27320
Biotechnology,Chavez948 Inc,Employee Referral,USA,OR,Dennis Howard,Partner,2000000,4000,COMM,27330
Finance,Martin949 Inc,Web,USA,KS,Nicolas Weaver,Customer,2000000,4000,SMB,26400
Biotechnology,Cohen950 Inc,Web,Normway,,Dennis Howard,Customer,2000000,4000,ENT,26511
Apparel,Walsh951 Inc,Advertisement,Brazil,,Eric Gutierrez,Partner,2000000,4000,ESMB,26512
Engineering,Sims952 Inc,Public Relations,Taiwan,,Dennis Howard,Customer,2000000,4000,ESMB,27110
Apparel,Reed953 Inc,Trade Show,USA,NY,Dennis Howard,Customer,2000000,4000,COMM,27120
Insurance,Stevenson954 Inc,Employee Referral,Canada,MI,Kelly Frazier,Customer,2000000,4000,MM,27200
Energy,Briggs955 Inc,Public Relations,Switzerland,,Harold Campbell,Customer,2000000,4000,COMM,27310
Electronics,Rodgers956 Inc,Seminar - Internal,Germany,,Dennis Howard,Customer,2000000,4000,SMB,27320
Apparel,Sanchez957 Inc,Employee Referral,China,,Dennis Howard,Customer,2000000,4000,MM,27330
Apparel,Jimenez958 Inc,Word of mouth,USA,PA,Laura Palmer,Customer,2000000,4000,SMB,26400
Technology,Oliver959 Inc,Employee Referral,USA,NE,Johnny Green,Partner,2000000,4000,SMB,26511
Communications,Johnson960 Inc,Employee Referral,Italy,,Johnny Green,Partner,2000000,4000,SMB,26512
Agriculture,Stokes961 Inc,Advertisement,USA,IN,Catherine Brown,Customer,2000000,4000,GB,27110
Transportation,Adams25 Inc,Partner,Japan,,Johnny Green,Customer,2000000,4000,GB,27120
Energy,McGuire26 Inc,Word of mouth,USA,LA,Nicolas Weaver,Partner,2000000,4000,MM,27200
Media,Dennis27 Inc,Public Relations,Japan,,Harold Campbell,Partner,2000000,4000,COMM,27310
Retail,Cohen28 Inc,Advertisement,China,,Eric Gutierrez,Customer,2000000,4000,GB,27320
Biotechnology,Reid29 Inc,Seminar - Internal,USA,MN,Johnny Green,Customer,2000000,4000,SMB,27330
Biotechnology,Francis30 Inc,Advertisement,Canada,VA,Eric Gutierrez,Customer,2000000,4000,MM,26400
Consulting,Long31 Inc,Trade Show,USA,MN,Doroth Gardner,Customer,2000000,4000,COMM,26511
Retail,Peterson32 Inc,Word of mouth,Sweden,,Evelyn Williamson,Customer,2000000,4000,ESMB,26512
Telecommunications,Graves33 Inc,Seminar - Internal,Canada,ID,Irene McCoy,Customer,2000000,4000,MM,27110
Technology,Vasquez34 Inc,Advertisement,USA,KY,Harold Campbell,Customer,2000000,4000,MM,27120
Telecommunications,Silva35 Inc,Employee Referral,France,,Dennis Howard,Partner,2000000,4000,SMB,27200
Healthcare,Soto36 Inc,Partner,USA,MO,Chris Riley,Customer,2000000,4000,ESMB,35110
Education,Delgado37 Inc,Employee Referral,Denmark,,Laura Garza,Customer,2000000,4000,ENT,35120
Technology,Gutierrez38 Inc,Employee Referral,Singapore,,Chris Riley,Customer,2000000,4000,ESMB,35130
Biotechnology,Greer39 Inc,Employee Referral,Normway,,Harold Campbell,Partner,2000000,4000,COMM,35140
Consulting,Webster40 Inc,Public Relations,Thailand,,Johnny Green,Customer,2000000,4000,COMM,35210
Banking,Morales41 Inc,Employee Referral,USA,TN,Laura Garza,Partner,2000000,4000,COMM,35208
Utilities,Adkins42 Inc,Web,Japan,,Doroth Gardner,Customer,2000000,4000,MM,35230
Apparel,Carr43 Inc,Employee Referral,Australia,,Dennis Howard,Customer,2000000,4000,MM,35252
Manufacturing,Bennett44 Inc,Seminar - Internal,USA,DE,Bruce Kennedy,Partner,2000000,4000,SMB,35274
Education,Alvarez45 Inc,Advertisement,Switzerland,,Laura Palmer,Partner,2000000,4000,SMB,35296
Manufacturing,Lawrence46 Inc,Public Relations,Normway,,Dennis Howard,Customer,2000000,4000,SMB,35318
Education,Casey47 Inc,Word of mouth,Spain,,Laura Garza,Customer,800000,500,ESMB,35340
Telecommunications,Gutierrez48 Inc,Employee Referral,USA,RI,Johnny Green,Customer,800000,500,MM,35362
Apparel,West49 Inc,Trade Show,Japan,,Catherine Brown,Partner,800000,500,SMB,35384
Technology,Lawrence50 Inc,Employee Referral,Normway,,Dennis Howard,Customer,800000,500,SMB,35406
Agriculture,Walsh51 Inc,Word of mouth,Spain,,Eric Sanchez,Partner,800000,500,SMB,35428
Retail,Guzman239 Inc,Public Relations,USA,LA,Laura Palmer,Customer,800000,500,GB,35450
Retail,Hampton240 Inc,Web,USA,FL,Dennis Howard,Partner,800000,500,SMB,35472
Apparel,Johnston241 Inc,Partner,Korea,,John Williams,Customer,800000,500,MM,35494
Education,Cross242 Inc,Word of mouth,Turkey,,Dennis Howard,Customer,800000,500,MM,35516
Manufacturing,Nguyen243 Inc,Word of mouth,Turkey,,Johnny Green,Customer,800000,500,MM,35538
Agriculture,Wise244 Inc,Seminar - Internal,Belgium,,Evelyn Williamson,Customer,800000,500,MM,35560
Technology,Terry245 Inc,Employee Referral,Canada,NJ,Chris Riley,Customer,800000,500,SMB,35582
Utilities,Medina246 Inc,Web,Canada,LA,Dennis Howard,Customer,800000,500,ESMB,35604
Retail,Moore247 Inc,Trade Show,USA,DC,Laura Palmer,Customer,800000,500,ENT,35626
Utilities,Greene248 Inc,Employee Referral,Taiwan,,Doroth Gardner,Partner,800000,500,MM,35648
Energy,Butler249 Inc,Employee Referral,Singapore,,Eric Gutierrez,Customer,800000,500,GB,35670
Biotechnology,Bryant250 Inc,Employee Referral,Spain,,Dennis Howard,Customer,800000,500,SMB,35692
Finance,Rivera251 Inc,Web,USA,MN,Catherine Brown,Customer,800000,500,COMM,35714
Finance,Meyer252 Inc,Partner,Denmark,,Kelly Frazier,Customer,800000,500,GB,35736
Telecommunications,Phillips253 Inc,Employee Referral,Turkey,,Harold Campbell,Customer,800000,500,SMB,35758
Banking,Glover254 Inc,Advertisement,Normway,,Laura Palmer,Partner,800000,500,GB,35780
Retail,Ortega255 Inc,Employee Referral,Canada,NY,Eric Gutierrez,Customer,800000,500,MM,35802
Energy,Love256 Inc,Partner,Canada,OR,Evelyn Williamson,Customer,800000,500,COMM,35824
Manufacturing,Salazar257 Inc,Partner,Germany,,Harold Campbell,Customer,800000,500,COMM,35846
Biotechnology,Patrick258 Inc,Trade Show,USA,MN,Eric Gutierrez,Customer,800000,500,MM,35868
Engineering,Wells259 Inc,Trade Show,USA,RI,Laura Garza,Customer,800000,500,MM,35890
Media,Dawson260 Inc,Public Relations,USA,PA,Dennis Howard,Customer,800000,500,GB,35912
Apparel,Holloway261 Inc,Employee Referral,China,,Eric Sanchez,Customer,800000,500,ESMB,35934
Insurance,Estrada262 Inc,Partner,USA,AK,Harold Campbell,Customer,800000,500,MM,35956
Biotechnology,Beck462 Inc,Web,USA,WV,Eric Sanchez,Customer,800000,500,ESMB,35978
Telecommunications,Hill463 Inc,Partner,USA,MI,Kelly Frazier,Customer,800000,500,SMB,36000
Technology,Maldonado464 Inc,Partner,Canada,HI,Kelly Frazier,Customer,800000,500,ESMB,36022
Transportation,Figueroa465 Inc,Employee Referral,Singapore,,Eric Sanchez,Customer,800000,500,ESMB,36044
Biotechnology,Porter466 Inc,Employee Referral,Canada,MT,Chris Riley,Partner,800000,500,SMB,36066
Biotechnology,McDaniel467 Inc,Advertisement,Japan,,Doroth Gardner,Customer,800000,500,SMB,36088
Biotechnology,Edwards468 Inc,Advertisement,Canada,KS,Catherine Brown,Partner,800000,500,ESMB,36110
Transportation,Cobb469 Inc,Partner,USA,MS,Eric Sanchez,Customer,800000,500,MM,36132
Electronics,Moore470 Inc,Web,Switzerland,,Doroth Gardner,Customer,800000,500,GB,36154
Biotechnology,Holloway471 Inc,Public Relations,Normway,,Evelyn Williamson,Partner,800000,500,MM,36176
Consulting,Padilla472 Inc,Word of mouth,Canada,DE,Laura Garza,Customer,800000,500,GB,36198
Retail,Cross473 Inc,Seminar - Internal,India,,Eric Gutierrez,Customer,800000,500,MM,36220
Technology,Bridges474 Inc,Public Relations,France,,Irene Kelley,Partner,800000,500,ESMB,36242
Media,Chapman475 Inc,Advertisement,Singapore,,Chris Riley,Partner,800000,500,MM,36264
Finance,Hunt476 Inc,Word of mouth,Canada,ND,Chris Riley,Customer,800000,500,MM,36286
Engineering,Stanley477 Inc,Seminar - Internal,Japan,,Julie Chavez,Partner,800000,500,COMM,36308
Technology,Schmidt478 Inc,Employee Referral,Korea,,John Williams,Customer,800000,500,ESMB,36330
Manufacturing,Bowman479 Inc,Employee Referral,Denmark,,Laura Garza,Customer,1500000,1000,SMB,36352
Engineering,Moss480 Inc,Advertisement,USA,NC,Chris Riley,Partner,1500000,1000,COMM,36374
Technology,Allen481 Inc,Word of mouth,USA,IA,Julie Chavez,Customer,1500000,1000,GB,36396
Finance,Guzman482 Inc,Trade Show,Canada,NV,Dennis Howard,Partner,1500000,1000,GB,36418
Healthcare,Long647 Inc,Web,Hong Kong,,Irene Kelley,Customer,1500000,1000,MM,36440
Agriculture,Soto648 Inc,Web,Canada,WI,Bruce Kennedy,Customer,1500000,1000,SMB,36462
Apparel,Martinez649 Inc,Advertisement,Germany,,Evelyn Williamson,Partner,1500000,1000,SMB,36484
Energy,Cummings650 Inc,Web,Japan,,Catherine Brown,Customer,1500000,1000,MM,36506
Technology,Hines651 Inc,Partner,Korea,,Doroth Gardner,Customer,1500000,1000,COMM,36528
Banking,Colon652 Inc,Web,USA,NH,John Williams,Customer,1500000,1000,ESMB,36550
Retail,Warren653 Inc,Advertisement,France,,Julie Chavez,Partner,1500000,1000,MM,36572
Insurance,Fleming654 Inc,Employee Referral,USA,AZ,Bruce Kennedy,Partner,1500000,1000,SMB,36594
Insurance,Dixon655 Inc,Trade Show,Spain,,Laura Garza,Customer,1500000,1000,GB,36616
Agriculture,Russell656 Inc,Web,Belgium,,Kelly Frazier,Customer,1500000,1000,ENT,36638
Communications,Benson657 Inc,Trade Show,USA,LA,Kelly Frazier,Customer,1500000,1000,SMB,36660
Agriculture,McDonald658 Inc,Advertisement,China,,Eric Gutierrez,Customer,1500000,1000,ESMB,36682
Apparel,Long659 Inc,Employee Referral,USA,WA,Nicolas Weaver,Partner,1500000,1000,SMB,36704
Electronics,Hicks660 Inc,Trade Show,USA,FL,Eric Sanchez,Customer,1500000,1000,MM,36726
Agriculture,Bass661 Inc,Trade Show,USA,IA,Eric Gutierrez,Partner,1500000,1000,SMB,36748
Manufacturing,Nichols662 Inc,Employee Referral,Singapore,,Irene McCoy,Partner,1500000,1000,SMB,36770
Energy,Simmons663 Inc,Word of mouth,Thailand,,Catherine Brown,Partner,1500000,1000,COMM,43290
Retail,Palmer664 Inc,Partner,Belgium,,Dennis Howard,Customer,1500000,1000,MM,46610
Manufacturing,Woods665 Inc,Word of mouth,Australia,,Dennis Howard,Partner,1500000,1000,GB,46620
Media,Higgins666 Inc,Employee Referral,Normway,,Kelly Frazier,Customer,1500000,1000,COMM,46630
Apparel,Newman667 Inc,Employee Referral,Japan,,Eric Sanchez,Customer,1500000,1000,COMM,46640
Finance,Rogers668 Inc,Word of mouth,Brazil,,Bruce Kennedy,Partner,1500000,1000,GB,46690
Insurance,Moore669 Inc,Advertisement,Belgium,,Harold Campbell,Customer,1500000,1000,SMB,47410
Media,Maxwell670 Inc,Word of mouth,USA,OR,Bruce Kennedy,Customer,1500000,1000,GB,43290
Communications,Cooper671 Inc,Web,USA,NM,Evelyn Williamson,Customer,1500000,1000,COMM,46610
Biotechnology,Green672 Inc,Word of mouth,Korea,,Laura Garza,Partner,1500000,1000,COMM,46620
Insurance,Fleming816 Inc,Partner,Germany,,Eric Sanchez,Customer,1500000,1000,MM,46630
Media,Colon817 Inc,Trade Show,Canada,NH,Evelyn Williamson,Customer,1500000,1000,MM,46640
Telecommunications,King818 Inc,Employee Referral,China,,Eric Sanchez,Customer,1500000,1000,MM,46690
Consulting,Larson819 Inc,Employee Referral,China,,Laura Palmer,Partner,1500000,1000,MM,47410
Apparel,Green820 Inc,Employee Referral,France,,John Williams,Partner,1500000,1000,MM,43290
Media,Strickland821 Inc,Trade Show,USA,OK,Evelyn Williamson,Customer,1500000,1000,MM,46610
Energy,Flowers822 Inc,Trade Show,USA,KS,Eric Sanchez,Partner,1500000,1000,SMB,46620
Education,Flores823 Inc,Public Relations,Korea,,Chris Riley,Customer,1500000,1000,ENT,46630
Media,Richardson824 Inc,Web,Thailand,,Eric Gutierrez,Partner,1500000,1000,GB,46640
Banking,Shelton825 Inc,Seminar - Internal,China,,Irene Kelley,Customer,1500000,1000,COMM,46690
Manufacturing,Romero826 Inc,Web,India,,Doroth Gardner,Customer,1500000,1000,GB,47410
Apparel,Fuller827 Inc,Word of mouth,Canada,UT,Catherine Brown,Customer,1500000,1000,SMB,43290
Electronics,Hart828 Inc,Partner,Germany,,Kelly Frazier,Customer,1500000,1000,GB,46610
Media,Nelson829 Inc,Web,Japan,,Kelly Frazier,Customer,1500000,1000,COMM,46620
Apparel,Rios830 Inc,Employee Referral,USA,NJ,Laura Garza,Customer,1500000,1000,MM,46630
Finance,Greer831 Inc,Advertisement,Denmark,,Eric Gutierrez,Customer,1500000,1000,SMB,46640
Banking,Floyd832 Inc,Employee Referral,Turkey,,Irene Kelley,Customer,1500000,1000,MM,46690
Education,Porter833 Inc,Advertisement,China,,Julie Chavez,Customer,1500000,1000,GB,47410
Transportation,Lane834 Inc,Trade Show,USA,NE,Eric Sanchez,Customer,1500000,1000,MM,43290
Insurance,Ford835 Inc,Word of mouth,Singapore,,Laura Palmer,Partner,1500000,1000,ESMB,46610
Insurance,Marsh836 Inc,Advertisement,USA,CT,Laura Garza,Customer,1500000,1000,SMB,46620
Energy,Day837 Inc,Seminar - Internal,Korea,,Kelly Frazier,Customer,1500000,1000,GB,46630
Electronics,Cobb838 Inc,Word of mouth,USA,CO,Julie Chavez,Customer,1500000,1000,SMB,46640
Engineering,Ramos839 Inc,Web,Canada,VT,Eric Gutierrez,Customer,1500000,1000,COMM,46690
Technology,Christensen840 Inc,Word of mouth,Brazil,,Irene Kelley,Customer,1500000,1000,ENT,47410
Electronics,Schneider841 Inc,Word of mouth,India,,Kelly Frazier,Customer,1500000,1000,MM,43290
Engineering,Holland842 Inc,Seminar - Internal,USA,MI,Laura Palmer,Customer,1500000,1000,ENT,46610
Transportation,Grant962 Inc,Employee Referral,Spain,,Kelly Frazier,Customer,1500000,1000,GB,46620
Insurance,Boone963 Inc,Web,United Kingdom,,Eric Sanchez,Customer,1500000,1000,SMB,46630
Electronics,Pena964 Inc,Employee Referral,Canada,FL,Laura Garza,Customer,1500000,1000,SMB,46640
Insurance,Conner965 Inc,Public Relations,Germany,,Eric Gutierrez,Customer,1500000,1000,ESMB,46690
Electronics,Barnett966 Inc,Employee Referral,Italy,,Irene Kelley,Customer,1500000,1000,GB,47410
Manufacturing,May967 Inc,Partner,Belgium,,John Williams,Customer,1500000,1000,ESMB,43290
Agriculture,Gross968 Inc,Web,USA,DE,Irene McCoy,Customer,1500000,1000,MM,46610
Manufacturing,Rivera969 Inc,Partner,Canada,NC,Irene McCoy,Customer,1500000,1000,SMB,46620
Engineering,Nash970 Inc,Word of mouth,Australia,,Bruce Kennedy,Customer,1500000,1000,SMB,46630
Transportation,Kim971 Inc,Partner,USA,CA,Chris Riley,Customer,1500000,1000,SMB,46640
Media,Wagner972 Inc,Web,China,,Laura Palmer,Customer,1500000,1000,ENT,46690
Energy,Owens973 Inc,Word of mouth,Russian,,Johnny Green,Customer,1500000,1000,MM,47410
Agriculture,Cummings974 Inc,Seminar - Internal,Mexico,,Laura Palmer,Customer,1500000,1000,MM,43290
Transportation,Myers975 Inc,Trade Show,Italy,,Julie Chavez,Customer,1500000,1000,ENT,46610
Healthcare,Obrien976 Inc,Word of mouth,USA,MN,Chris Riley,Customer,1500000,1000,SMB,46620
Insurance,Marshall977 Inc,Seminar - Internal,Japan,,Catherine Brown,Customer,1500000,1000,SMB,46630
Engineering,Mack978 Inc,Partner,Canada,NV,Eric Sanchez,Customer,1500000,1000,COMM,46640
Banking,Roberts979 Inc,Trade Show,USA,GA,Eric Sanchez,Partner,1500000,1000,COMM,46690
Insurance,Parsons980 Inc,Word of mouth,USA,DE,Chris Riley,Customer,1500000,1000,MM,47410
Telecommunications,Flowers981 Inc,Word of mouth,USA,VA,Harold Campbell,Customer,1500000,1000,GB,43290
Banking,Mack982 Inc,Seminar - Internal,India,,Kelly Frazier,Customer,1500000,1000,ENT,46610
Retail,Hawkins983 Inc,Public Relations,USA,VA,Laura Garza,Customer,700000000,10000,GB,46620
Utilities,McGuire984 Inc,Word of mouth,Canada,SD,Laura Palmer,Customer,700000000,10000,GB,46630
Engineering,Jimenez985 Inc,Web,Australia,,Irene Kelley,Customer,700000000,10000,ESMB,46640
Engineering,Cooper986 Inc,Partner,USA,CO,Harold Campbell,Partner,700000000,10000,GB,46690
Transportation,Summers987 Inc,Public Relations,Spain,,Irene Kelley,Customer,700000000,10000,SMB,64209
Media,Gibbs52 Inc,Seminar - Internal,USA,OK,Dennis Howard,Customer,700000000,10000,ENT,64301
Technology,Brown53 Inc,Employee Referral,Mexico,,Johnny Green,Partner,700000000,10000,MM,64302
Telecommunications,Walsh54 Inc,Public Relations,Italy,,Catherine Brown,Customer,700000000,10000,SMB,64303
Transportation,Leonard55 Inc,Employee Referral,Taiwan,,Dennis Howard,Customer,700000000,10000,MM,64304
Telecommunications,Martin56 Inc,Partner,USA,NM,Evelyn Williamson,Partner,700000000,10000,SMB,64305
Engineering,Manning57 Inc,Web,USA,ID,Doroth Gardner,Customer,700000000,10000,ENT,64306
Manufacturing,Daniel58 Inc,Partner,Belgium,,Laura Palmer,Customer,700000000,10000,COMM,64910
Biotechnology,Doyle59 Inc,Word of mouth,Japan,,Kelly Frazier,Customer,700000000,10000,MM,64992
Technology,Stokes60 Inc,Employee Referral,Spain,,Irene McCoy,Customer,700000000,10000,ENT,64999
Manufacturing,Hines61 Inc,Advertisement,Spain,,Julie Chavez,Customer,700000000,10000,COMM,64209
Healthcare,Gibson62 Inc,Partner,Normway,,Dennis Howard,Customer,700000000,10000,MM,64301
Insurance,Rhodes63 Inc,Advertisement,Normway,,Irene Kelley,Partner,700000000,10000,SMB,64302
Consulting,Lopez64 Inc,Employee Referral,USA,NE,Evelyn Williamson,Customer,700000000,10000,COMM,64303
Electronics,Reed65 Inc,Web,Brazil,,Evelyn Williamson,Customer,700000000,10000,ESMB,64304
Apparel,Wells66 Inc,Employee Referral,India,,Laura Garza,Customer,700000000,10000,GB,64305
Manufacturing,Carpenter67 Inc,Public Relations,Canada,SC,Nicolas Weaver,Customer,700000000,10000,GB,64306
Engineering,Figueroa68 Inc,Web,India,,Laura Garza,Customer,700000000,10000,SMB,64910
Electronics,Sharp69 Inc,Word of mouth,USA,MO,Harold Campbell,Customer,700000000,10000,COMM,64992
Education,Harper70 Inc,Partner,Denmark,,Laura Garza,Partner,700000000,10000,ESMB,64999
Insurance,Reese71 Inc,Seminar - Internal,Mexico,,Irene McCoy,Partner,700000000,10000,SMB,64209
Insurance,Leonard263 Inc,Partner,USA,MA,Bruce Kennedy,Customer,700000000,10000,MM,64301
Telecommunications,Hansen264 Inc,Web,Canada,WI,Irene McCoy,Customer,700000000,10000,ESMB,64302
Telecommunications,Fields265 Inc,Employee Referral,Mexico,,Chris Riley,Partner,700000000,10000,ESMB,64303
Communications,Beck266 Inc,Public Relations,Canada,AZ,Irene Kelley,Partner,700000000,10000,GB,64304
Media,Daniels267 Inc,Web,Hong Kong,,Bruce Kennedy,Partner,700000000,10000,SMB,64305
Education,Clarke268 Inc,Advertisement,Canada,TX,Bruce Kennedy,Customer,700000000,10000,COMM,64306
Biotechnology,Anderson269 Inc,Partner,Switzerland,,Catherine Brown,Customer,700000000,10000,MM,64910
Engineering,Elliott270 Inc,Partner,Switzerland,,Harold Campbell,Partner,700000000,10000,SMB,64992
Agriculture,Bass271 Inc,Public Relations,Korea,,Eric Sanchez,Customer,700000000,10000,MM,64999
Insurance,Cruz272 Inc,Word of mouth,USA,MN,Nicolas Weaver,Customer,700000000,10000,MM,64209
Manufacturing,Harper273 Inc,Employee Referral,Japan,,Irene McCoy,Partner,700000000,10000,MM,64301
Finance,Adkins274 Inc,Web,USA,ME,Kelly Frazier,Customer,700000000,10000,SMB,64302
Engineering,Lopez275 Inc,Seminar - Internal,Switzerland,,John Williams,Customer,700000000,10000,COMM,64303
Insurance,Hawkins276 Inc,Seminar - Internal,Switzerland,,Dennis Howard,Customer,700000000,10000,MM,64304
Manufacturing,Dawson277 Inc,Word of mouth,Japan,,Dennis Howard,Customer,700000000,10000,ENT,64305
Agriculture,Douglas278 Inc,Word of mouth,Mexico,,Johnny Green,Partner,700000000,10000,MM,64306
Retail,Harrison279 Inc,Web,Australia,,Chris Riley,Partner,700000000,10000,ENT,86101
Agriculture,George280 Inc,Advertisement,USA,NY,Johnny Green,Customer,700000000,10000,MM,86102
Apparel,Evans281 Inc,Employee Referral,Singapore,,Dennis Howard,Customer,700000000,10000,MM,86210
Manufacturing,Munoz282 Inc,Web,Thailand,,Irene Kelley,Customer,700000000,10000,ESMB,86220
Engineering,Lucas283 Inc,Employee Referral,USA,WI,Evelyn Williamson,Partner,700000000,10000,GB,86230
Agriculture,Tucker284 Inc,Public Relations,Belgium,,Julie Chavez,Customer,700000000,10000,ESMB,86900
Electronics,Miles285 Inc,Partner,USA,CT,Kelly Frazier,Partner,700000000,10000,COMM,86101
Media,Ellis286 Inc,Advertisement,Singapore,,Irene McCoy,Partner,700000000,10000,ESMB,86102
Education,Vasquez483 Inc,Public Relations,Canada,MI,Laura Garza,Customer,700000000,10000,SMB,86210
Manufacturing,Norman484 Inc,Advertisement,Hong Kong,,Julie Chavez,Partner,700000000,10000,MM,86220
Manufacturing,Newman485 Inc,Advertisement,Canada,UT,Irene Kelley,Partner,700000000,10000,SMB,86230
Technology,Young486 Inc,Advertisement,USA,OH,Evelyn Williamson,Customer,700000000,10000,MM,86900
Apparel,Underwood487 Inc,Web,USA,IA,Irene Kelley,Customer,700000000,10000,COMM,86101
Transportation,Becker488 Inc,Word of mouth,Singapore,,Laura Garza,Customer,700000000,10000,MM,86102
Banking,Moss489 Inc,Word of mouth,Denmark,,Bruce Kennedy,Customer,700000000,10000,ESMB,86210
Communications,Reese490 Inc,Employee Referral,Germany,,Irene McCoy,Customer,700000000,10000,MM,86220
Transportation,Lawrence491 Inc,Word of mouth,Canada,OK,Nicolas Weaver,Customer,700000000,10000,GB,86230
Media,Schwartz492 Inc,Partner,Thailand,,Evelyn Williamson,Customer,700000000,10000,SMB,86900
Electronics,Saunders493 Inc,Web,United Kingdom,,Harold Campbell,Customer,700000000,10000,MM,86101
Media,Higgins494 Inc,Trade Show,Normway,,Laura Garza,Customer,700000000,10000,MM,86102
Retail,Brown495 Inc,Web,USA,MD,Laura Garza,Customer,700000000,10000,SMB,86210
Communications,Lowe496 Inc,Partner,Australia,,John Williams,Partner,700000000,10000,MM,86220
Engineering,Medina497 Inc,Trade Show,Spain,,Irene McCoy,Customer,700000000,10000,GB,86230
Transportation,Doyle498 Inc,Seminar - Internal,Korea,,Irene Kelley,Partner,700000000,10000,GB,86900
Banking,Gardner499 Inc,Advertisement,USA,VA,Bruce Kennedy,Partner,700000000,10000,GB,86101
Manufacturing,Howard500 Inc,Public Relations,Korea,,Kelly Frazier,Partner,700000000,10000,SMB,86102
Telecommunications,Gill501 Inc,Employee Referral,Canada,PA,John Williams,Customer,700000000,10000,ENT,86210
Technology,Thornton502 Inc,Trade Show,Turkey,,Julie Chavez,Customer,700000000,10000,COMM,86220
Banking,Fitzgerald503 Inc,Partner,Canada,FL,Bruce Kennedy,Customer,700000000,10000,GB,86230
Energy,Stone504 Inc,Employee Referral,Canada,MA,Harold Campbell,Partner,700000000,10000,SMB,86101
Energy,Leonard505 Inc,Public Relations,Thailand,,Doroth Gardner,Customer,700000000,10000,COMM,86102
Finance,Hudson506 Inc,Web,Canada,OH,Laura Garza,Customer,700000000,10000,ESMB,65110
Education,Wright507 Inc,Word of mouth,United Kingdom,,Eric Gutierrez,Customer,700000000,10000,GB,65120
Consulting,Rose673 Inc,Word of mouth,Thailand,,Dennis Howard,Partner,700000000,10000,SMB,65201
Apparel,Evans674 Inc,Web,Thailand,,Bruce Kennedy,Customer,700000000,10000,COMM,65202
Apparel,Powers675 Inc,Word of mouth,Japan,,Johnny Green,Customer,700000000,10000,SMB,66210
Biotechnology,Gray676 Inc,Public Relations,Japan,,John Williams,Customer,700000000,10000,SMB,66220
Retail,Aguilar677 Inc,Trade Show,Belgium,,Chris Riley,Customer,700000000,10000,MM,66290
Technology,Curtis678 Inc,Employee Referral,USA,MO,Evelyn Williamson,Customer,700000000,10000,COMM,65110
Banking,Johnson679 Inc,Web,USA,SD,Irene Kelley,Customer,700000000,10000,MM,65120
Media,Hunt680 Inc,Word of mouth,USA,WY,Laura Palmer,Customer,700000000,10000,SMB,65201
Energy,Lewis681 Inc,Employee Referral,Canada,CA,Laura Garza,Customer,700000000,10000,GB,65202
Telecommunications,Ortega682 Inc,Advertisement,Turkey,,Doroth Gardner,Partner,700000000,10000,SMB,66210
Consulting,Hanson683 Inc,Partner,Canada,AR,Catherine Brown,Customer,700000000,10000,MM,66220
Electronics,Ryan684 Inc,Partner,China,,Bruce Kennedy,Partner,700000000,10000,SMB,66290
Biotechnology,Watts685 Inc,Word of mouth,USA,LA,Laura Palmer,Customer,700000000,10000,GB,65110
Energy,Strickland686 Inc,Employee Referral,Normway,,Evelyn Williamson,Customer,700000000,10000,ESMB,65120
Technology,Reese687 Inc,Public Relations,USA,TX,Evelyn Williamson,Customer,700000000,10000,MM,65201
Technology,Goodman688 Inc,Employee Referral,Singapore,,Doroth Gardner,Customer,700000000,10000,MM,65202
Manufacturing,Benson689 Inc,Employee Referral,Italy,,John Williams,Customer,700000000,10000,MM,66210
Biotechnology,Todd690 Inc,Trade Show,USA,OH,Irene Kelley,Customer,700000000,10000,COMM,66220
Healthcare,Olson691 Inc,Employee Referral,Canada,MN,Doroth Gardner,Customer,700000000,10000,SMB,66290
Insurance,Haynes692 Inc,Web,United Kingdom,,Bruce Kennedy,Partner,700000000,10000,SMB,65110
Energy,Schneider843 Inc,Partner,USA,ID,Eric Gutierrez,Partner,700000000,10000,ESMB,65120
Apparel,Reeves844 Inc,Web,Singapore,,Laura Garza,Customer,700000000,10000,GB,65201
Banking,Lloyd845 Inc,Web,Hong Kong,,Laura Garza,Customer,700000000,10000,COMM,65202
Insurance,Beck846 Inc,Partner,Germany,,Evelyn Williamson,Customer,700000000,10000,COMM,66210
Agriculture,Martin847 Inc,Web,Switzerland,,Irene McCoy,Partner,700000000,10000,COMM,66220
Apparel,Simmons848 Inc,Trade Show,Denmark,,Catherine Brown,Partner,700000000,10000,COMM,66290
Energy,Patterson849 Inc,Partner,Brazil,,Eric Gutierrez,Partner,700000000,10000,MM,65110
Telecommunications,Bryan850 Inc,Trade Show,Italy,,Chris Riley,Customer,700000000,10000,SMB,65120
Engineering,Walters851 Inc,Word of mouth,Canada,VT,Laura Palmer,Partner,700000000,10000,ESMB,65201
Media,Riley852 Inc,Partner,Russian,,John Williams,Partner,700000000,10000,MM,65202
Insurance,Jefferson853 Inc,Partner,Spain,,Doroth Gardner,Customer,700000000,10000,SMB,66210
Apparel,Richardson854 Inc,Public Relations,Japan,,Dennis Howard,Partner,700000000,10000,MM,66220
Retail,Hodges855 Inc,Word of mouth,Taiwan,,Chris Riley,Customer,700000000,10000,GB,66290
Consulting,Goodwin856 Inc,Public Relations,Canada,NH,Nicolas Weaver,Partner,700000000,10000,ESMB,65110
Utilities,Johnston857 Inc,Seminar - Internal,Denmark,,Chris Riley,Customer,700000000,10000,ESMB,65120
Energy,Cross858 Inc,Trade Show,Canada,LA,Julie Chavez,Customer,700000000,10000,MM,65201
Apparel,Jefferson859 Inc,Partner,Switzerland,,Eric Sanchez,Partner,700000000,10000,SMB,65202
Biotechnology,Stone860 Inc,Word of mouth,Canada,SD,Nicolas Weaver,Customer,700000000,10000,COMM,66210
Communications,Murphy861 Inc,Advertisement,Normway,,Julie Chavez,Partner,700000000,10000,GB,66220
Communications,Rodgers862 Inc,Web,Canada,ND,Catherine Brown,Customer,700000000,10000,COMM,66290
Transportation,Payne863 Inc,Web,United Kingdom,,Johnny Green,Partner,700000000,10000,SMB,65110
Retail,Estrada864 Inc,Seminar - Internal,USA,ND,Dennis Howard,Partner,700000000,10000,GB,65120
Biotechnology,McDonald865 Inc,Employee Referral,Japan,,Kelly Frazier,Customer,700000000,10000,ESMB,65201
Energy,Tran866 Inc,Seminar - Internal,India,,Irene Kelley,Customer,700000000,10000,GB,65202
Utilities,Riley867 Inc,Employee Referral,Switzerland,,Eric Sanchez,Partner,700000000,10000,MM,66210
Utilities,Herrera868 Inc,Web,Australia,,Bruce Kennedy,Customer,700000000,10000,ESMB,66220
Energy,Joseph988 Inc,Web,USA,DE,Laura Garza,Customer,700000000,10000,COMM,66290
Transportation,Hogan989 Inc,Trade Show,Canada,UT,Chris Riley,Customer,700000000,10000,ESMB,65110
Healthcare,West990 Inc,Employee Referral,Sweden,,Doroth Gardner,Customer,700000000,10000,GB,65120
Energy,Adams991 Inc,Employee Referral,France,,Dennis Howard,Customer,700000000,10000,SMB,65201
Media,Allison992 Inc,Word of mouth,Japan,,Kelly Frazier,Partner,700000000,10000,GB,65202
Banking,Singleton993 Inc,Trade Show,Sweden,,Laura Palmer,Customer,700000000,10000,COMM,66210
Agriculture,Obrien994 Inc,Web,USA,MN,Chris Riley,Customer,700000000,10000,SMB,66220
Education,McKinney995 Inc,Public Relations,USA,MA,Johnny Green,Customer,700000000,10000,ESMB,66290
Apparel,Hall996 Inc,Partner,France,,Nicolas Weaver,Customer,700000000,10000,MM,65110
Technology,Paul997 Inc,Employee Referral,Canada,NV,Catherine Brown,Partner,700000000,10000,ESMB,65120
Banking,Curry998 Inc,Employee Referral,Thailand,,Julie Chavez,Partner,700000000,10000,SMB,65201
Energy,Riley999 Inc,Partner,Japan,,Dennis Howard,Customer,700000000,10000,SMB,65202
Technology,Alvarez72 Inc,Public Relations,India,,Bruce Kennedy,Customer,700000000,10000,ESMB,66210
Engineering,Price73 Inc,Advertisement,Canada,IN,Doroth Gardner,Customer,700000000,10000,COMM,66220
Engineering,Wood74 Inc,Word of mouth,Canada,VA,Eric Gutierrez,Customer,700000000,10000,SMB,66290
Apparel,Brock75 Inc,Trade Show,Thailand,,Doroth Gardner,Customer,700000000,10000,GB,30200
Manufacturing,Watts76 Inc,Web,Japan,,Julie Chavez,Customer,700000000,10000,ENT,30300
Banking,Norris77 Inc,Advertisement,Sweden,,Irene Kelley,Customer,700000000,10000,SMB,30400
Retail,Evans78 Inc,Advertisement,Italy,,Eric Sanchez,Partner,700000000,10000,SMB,30910
Banking,Rodgers79 Inc,Public Relations,USA,GA,Nicolas Weaver,Partner,700000000,10000,MM,33120
Technology,Stokes80 Inc,Web,Switzerland,,Dennis Howard,Customer,700000000,10000,SMB,30200
Engineering,Lane81 Inc,Word of mouth,Canada,KS,Harold Campbell,Customer,700000000,10000,MM,30300
Biotechnology,Flowers82 Inc,Public Relations,Normway,,Bruce Kennedy,Partner,700000000,10000,ESMB,30400
Apparel,Gray83 Inc,Trade Show,Thailand,,Laura Palmer,Customer,700000000,10000,MM,30910
Apparel,Santos84 Inc,Employee Referral,Canada,MA,Kelly Frazier,Partner,700000000,10000,ESMB,33120
Banking,Henry85 Inc,Advertisement,United Kingdom,,Johnny Green,Customer,700000000,10000,ESMB,30200
Finance,Patton86 Inc,Partner,USA,FL,Eric Sanchez,Customer,700000000,10000,SMB,30300
Retail,Webster87 Inc,Partner,Australia,,Evelyn Williamson,Customer,700000000,10000,SMB,30400
Apparel,Hunter88 Inc,Partner,Hong Kong,,Dennis Howard,Customer,700000000,10000,MM,30910
Banking,Bowers89 Inc,Word of mouth,Canada,UT,Kelly Frazier,Customer,700000000,10000,SMB,33120
Transportation,Steele90 Inc,Word of mouth,Normway,,John Williams,Customer,700000000,10000,ESMB,30200
Biotechnology,Leonard91 Inc,Public Relations,USA,TX,Doroth Gardner,Customer,700000000,10000,GB,30300
Consulting,Robbins92 Inc,Employee Referral,Canada,NH,Julie Chavez,Partner,700000000,10000,ESMB,30400
Manufacturing,Lawrence93 Inc,Seminar - Internal,USA,MO,Johnny Green,Customer,700000000,10000,ESMB,30910
Engineering,Sherman94 Inc,Partner,Canada,NC,Dennis Howard,Partner,700000000,10000,COMM,33120
Banking,Dean95 Inc,Employee Referral,USA,HI,Laura Palmer,Customer,700000000,10000,SMB,30200
Retail,Webb96 Inc,Employee Referral,Australia,,Harold Campbell,Partner,700000000,10000,MM,30300
Insurance,Woods287 Inc,Word of mouth,Australia,,Bruce Kennedy,Customer,700000000,10000,MM,30400
Engineering,Coleman288 Inc,Advertisement,India,,Laura Garza,Customer,700000000,10000,ENT,30910
Manufacturing,Schmidt289 Inc,Trade Show,Japan,,Julie Chavez,Customer,700000000,10000,MM,33120
Engineering,Garrett290 Inc,Employee Referral,Japan,,Julie Chavez,Customer,700000000,10000,SMB,30200
Apparel,Pena291 Inc,Web,Australia,,John Williams,Customer,700000000,10000,MM,30300
Apparel,Gill292 Inc,Employee Referral,Mexico,,Irene Kelley,Customer,700000000,10000,SMB,30400
Transportation,Marsh293 Inc,Word of mouth,United Kingdom,,Evelyn Williamson,Customer,700000000,10000,ESMB,30910
Engineering,Gordon294 Inc,Seminar - Internal,Canada,TX,Evelyn Williamson,Customer,700000000,10000,SMB,33120
Education,Holt295 Inc,Web,Spain,,Kelly Frazier,Customer,700000000,10000,ESMB,30200
Energy,Gill296 Inc,Partner,Mexico,,Evelyn Williamson,Partner,700000000,10000,GB,30300
Healthcare,Mills297 Inc,Word of mouth,Japan,,Evelyn Williamson,Partner,700000000,10000,COMM,30400
Consulting,Reynolds298 Inc,Seminar - Internal,USA,DE,Catherine Brown,Customer,700000000,10000,MM,30910
Technology,Evans299 Inc,Word of mouth,Turkey,,Harold Campbell,Partner,700000000,10000,MM,33120
Healthcare,Moran300 Inc,Trade Show,Italy,,Irene McCoy,Customer,700000000,10000,GB,30200
Healthcare,Long301 Inc,Trade Show,Canada,NM,Dennis Howard,Customer,700000000,10000,SMB,30300
Education,McDaniel302 Inc,Trade Show,USA,NH,John Williams,Customer,700000000,10000,ENT,30400
Insurance,Christensen303 Inc,Employee Referral,Japan,,Nicolas Weaver,Customer,700000000,10000,SMB,30910
Apparel,Phelps304 Inc,Employee Referral,Singapore,,Laura Garza,Customer,700000000,10000,ESMB,33120
Energy,Gutierrez305 Inc,Trade Show,Mexico,,Irene McCoy,Customer,700000000,10000,COMM,30200
Agriculture,Woods306 Inc,Word of mouth,USA,MO,Laura Palmer,Customer,700000000,10000,SMB,30300
Agriculture,Fowler307 Inc,Web,Germany,,Bruce Kennedy,Partner,700000000,10000,MM,30400
Finance,Hughes308 Inc,Employee Referral,Canada,CA,Laura Garza,Customer,700000000,10000,COMM,30910
Apparel,Harper309 Inc,Employee Referral,Japan,,Dennis Howard,Customer,700000000,10000,COMM,33120
Apparel,Sims310 Inc,Employee Referral,Japan,,Nicolas Weaver,Partner,700000000,10000,ESMB,30200
Technology,Wright311 Inc,Public Relations,India,,Eric Gutierrez,Partner,700000000,10000,COMM,30300
Transportation,Wade312 Inc,Trade Show,Japan,,Catherine Brown,Partner,700000000,10000,GB,30400
Banking,Edwards508 Inc,Trade Show,USA,ND,John Williams,Customer,700000000,10000,ESMB,30910
Electronics,Holland509 Inc,Employee Referral,United Kingdom,,Catherine Brown,Customer,700000000,10000,MM,33120
Technology,Medina510 Inc,Advertisement,China,,Johnny Green,Customer,700000000,10000,SMB,30200
Manufacturing,Patton511 Inc,Partner,Normway,,Nicolas Weaver,Partner,700000000,10000,SMB,30300
Transportation,Berry512 Inc,Trade Show,United Kingdom,,Bruce Kennedy,Customer,700000000,10000,ESMB,30400
Engineering,Conner513 Inc,Web,Canada,IA,Catherine Brown,Partner,700000000,10000,SMB,30910
Engineering,Tran514 Inc,Employee Referral,Japan,,Irene Kelley,Partner,700000000,10000,ENT,33120
Agriculture,Wade515 Inc,Web,China,,Catherine Brown,Customer,700000000,10000,ENT,30200
Energy,Morales516 Inc,Trade Show,China,,Irene McCoy,Partner,700000000,10000,GB,30300
Energy,Fox517 Inc,Word of mouth,USA,TN,Eric Gutierrez,Customer,700000000,10000,GB,30400
Banking,Guzman518 Inc,Partner,USA,CA,Irene Kelley,Partner,700000000,10000,SMB,30910
Manufacturing,Bennett519 Inc,Word of mouth,Russian,,Chris Riley,Customer,700000000,10000,MM,33120
Transportation,Ortiz520 Inc,Seminar - Internal,USA,ID,Laura Garza,Customer,700000000,10000,GB,30200
Transportation,Knight521 Inc,Seminar - Internal,USA,IL,Doroth Gardner,Customer,700000000,10000,ESMB,30300
Engineering,Collins522 Inc,Employee Referral,Japan,,Chris Riley,Customer,700000000,10000,ESMB,30400
Utilities,Ramirez523 Inc,Partner,Brazil,,Johnny Green,Customer,700000000,10000,GB,18110
Media,Lopez524 Inc,Advertisement,USA,WA,Irene Kelley,Partner,700000000,10000,MM,58130
Education,Evans525 Inc,Partner,China,,Harold Campbell,Partner,700000000,10000,ESMB,58190
Electronics,Porter526 Inc,Web,Canada,ID,John Williams,Customer,700000000,10000,SMB,59111
Insurance,Snyder527 Inc,Word of mouth,United Kingdom,,Harold Campbell,Customer,700000000,10000,MM,59112
Energy,Pittman528 Inc,Partner,Switzerland,,Julie Chavez,Customer,700000000,10000,GB,59113
Utilities,Flowers529 Inc,Word of mouth,France,,Evelyn Williamson,Customer,700000000,10000,ESMB,59120
Biotechnology,Williamson530 Inc,Employee Referral,Taiwan,,Doroth Gardner,Customer,700000000,10000,COMM,59131
Media,McKenzie531 Inc,Employee Referral,USA,CT,Eric Gutierrez,Partner,700000000,10000,ENT,59132
Insurance,Cross532 Inc,Employee Referral,Hong Kong,,Eric Sanchez,Customer,700000000,10000,ENT,59133
Technology,Stone533 Inc,Web,USA,OR,Doroth Gardner,Customer,700000000,10000,MM,18110
Transportation,Harmon693 Inc,Word of mouth,USA,NC,Irene McCoy,Partner,700000000,10000,ENT,58130
Communications,Carroll694 Inc,Web,USA,ID,Bruce Kennedy,Customer,700000000,10000,COMM,58190
Engineering,McCoy695 Inc,Public Relations,Italy,,Irene McCoy,Partner,700000000,10000,GB,59111
Biotechnology,Lawrence696 Inc,Seminar - Internal,Belgium,,Laura Palmer,Customer,500000,900,SMB,59112
Healthcare,Hoffman697 Inc,Word of mouth,USA,PA,Kelly Frazier,Customer,500000,900,MM,59113
Apparel,Morton698 Inc,Web,Canada,CT,John Williams,Customer,500000,900,GB,59120
Insurance,Warner699 Inc,Employee Referral,Russian,,Laura Garza,Customer,500000,900,ESMB,59131
Consulting,Shaw700 Inc,Partner,Germany,,Johnny Green,Customer,500000,900,SMB,59132
Technology,Crawford701 Inc,Partner,Spain,,Doroth Gardner,Customer,500000,900,SMB,59133
Banking,Black702 Inc,Word of mouth,Canada,AZ,Julie Chavez,Customer,500000,900,MM,18110
Agriculture,Page703 Inc,Employee Referral,Japan,,Harold Campbell,Partner,500000,900,GB,58130
Banking,Alexander704 Inc,Public Relations,Taiwan,,Harold Campbell,Customer,500000,900,GB,58190
Apparel,Graham705 Inc,Advertisement,USA,AR,Irene McCoy,Customer,500000,900,MM,59111
Technology,West706 Inc,Word of mouth,USA,NC,John Williams,Customer,500000,900,ESMB,59112
Utilities,Garza707 Inc,Trade Show,USA,SD,Bruce Kennedy,Customer,500000,900,ESMB,59113
Communications,Scott708 Inc,Trade Show,USA,ND,Irene Kelley,Customer,500000,900,SMB,59120
Media,Sutton709 Inc,Web,Thailand,,Kelly Frazier,Partner,500000,900,MM,59131
Utilities,Fleming710 Inc,Word of mouth,Taiwan,,Irene Kelley,Customer,500000,900,MM,59132
Transportation,Delgado711 Inc,Web,USA,ND,John Williams,Customer,500000,900,ENT,59133
Insurance,Grant712 Inc,Employee Referral,Japan,,Chris Riley,Customer,500000,900,MM,18110
Banking,Hernandez713 Inc,Advertisement,India,,Johnny Green,Customer,500000,900,MM,58130
Energy,Carson714 Inc,Word of mouth,United Kingdom,,Nicolas Weaver,Customer,500000,900,ESMB,58190
Insurance,Bradley715 Inc,Public Relations,USA,ME,Dennis Howard,Customer,500000,900,ESMB,59111
Education,Fowler716 Inc,Web,Hong Kong,,John Williams,Customer,500000,900,GB,59112
Healthcare,Hart717 Inc,Partner,USA,FL,Laura Garza,Customer,500000,900,MM,59113
Energy,Vega718 Inc,Web,USA,CO,Laura Palmer,Customer,500000,900,COMM,59120
Engineering,Chambers869 Inc,Word of mouth,Brazil,,Bruce Kennedy,Customer,500000,900,SMB,59131
Media,Aguilar870 Inc,Word of mouth,Russian,,Laura Palmer,Customer,500000,900,ESMB,59132
Utilities,Gomez871 Inc,Seminar - Internal,USA,ME,Irene McCoy,Customer,500000,900,GB,59133
Engineering,Owen872 Inc,Partner,Sweden,,Dennis Howard,Customer,500000,900,SMB,18110
Engineering,Shelton873 Inc,Trade Show,Canada,KY,Irene Kelley,Partner,500000,900,SMB,58130
Media,Erickson874 Inc,Employee Referral,USA,OK,Doroth Gardner,Customer,500000,900,MM,58190
Engineering,Sparks875 Inc,Web,China,,John Williams,Customer,500000,900,GB,59111
Energy,Alvarez876 Inc,Employee Referral,China,,Julie Chavez,Customer,500000,900,SMB,59112
Consulting,Norton877 Inc,Partner,Canada,OK,Eric Sanchez,Customer,500000,900,SMB,59113
Consulting,Barber878 Inc,Advertisement,USA,MI,Johnny Green,Partner,500000,900,ESMB,59120
Manufacturing,Hoffman879 Inc,Partner,Australia,,Irene Kelley,Customer,500000,900,MM,59131
Manufacturing,Wallace880 Inc,Partner,USA,WV,Eric Sanchez,Customer,500000,900,COMM,59132
Apparel,Hawkins881 Inc,Trade Show,USA,WV,Chris Riley,Partner,500000,900,MM,59133
Manufacturing,Bush882 Inc,Public Relations,Denmark,,Irene McCoy,Partner,500000,900,SMB,18110
Energy,Goodman883 Inc,Word of mouth,Italy,,Dennis Howard,Partner,500000,900,SMB,58130
Education,Stevenson884 Inc,Partner,Sweden,,Doroth Gardner,Customer,500000,900,SMB,58190
Transportation,Banks885 Inc,Public Relations,Canada,OK,Irene Kelley,Customer,500000,900,GB,59111
Electronics,Bailey886 Inc,Web,USA,NV,Eric Gutierrez,Customer,500000,900,COMM,59112
Media,McKenzie887 Inc,Seminar - Internal,Canada,OR,Chris Riley,Customer,500000,900,MM,59113
Biotechnology,Alvarez888 Inc,Trade Show,Thailand,,Chris Riley,Partner,500000,900,ENT,59120
Communications,Carr889 Inc,Web,Canada,IN,Laura Palmer,Customer,500000,900,GB,59131
Transportation,Brock890 Inc,Word of mouth,India,,Evelyn Williamson,Customer,500000,900,MM,59132
Banking,Henderson891 Inc,Word of mouth,Thailand,,Eric Gutierrez,Customer,500000,900,MM,59133
Healthcare,Christensen892 Inc,Advertisement,Canada,KY,Kelly Frazier,Customer,500000,900,ENT,47110
Electronics,Bailey893 Inc,Employee Referral,Canada,ID,Eric Gutierrez,Customer,500000,900,MM,47190
Agriculture,Beck894 Inc,Web,United Kingdom,,Laura Garza,Customer,500000,900,SMB,47250
Finance,King97 Inc,Partner,Taiwan,,Doroth Gardner,Customer,500000,900,SMB,47591
Insurance,Chandler98 Inc,Partner,Canada,NE,Julie Chavez,Partner,500000,900,SMB,47640
Manufacturing,Parks99 Inc,Employee Referral,USA,HI,Eric Gutierrez,Partner,500000,900,GB,47650
Healthcare,Floyd100 Inc,Public Relations,Australia,,Nicolas Weaver,Customer,500000,900,ESMB,47750
Manufacturing,Love101 Inc,Partner,Hong Kong,,Irene McCoy,Customer,500000,900,MM,47781
Agriculture,Ruiz102 Inc,Seminar - Internal,Canada,ME,Catherine Brown,Customer,500000,900,ENT,47910
Biotechnology,Ortega103 Inc,Employee Referral,Canada,GA,Eric Gutierrez,Customer,500000,900,GB,47110
Energy,Moran104 Inc,Employee Referral,USA,MI,Nicolas Weaver,Customer,500000,900,MM,47190
Engineering,Nichols105 Inc,Web,Sweden,,Eric Sanchez,Partner,500000,900,COMM,47250
Consulting,Byrd106 Inc,Trade Show,Australia,,Nicolas Weaver,Customer,500000,900,COMM,47591
Energy,Hines107 Inc,Word of mouth,USA,MN,Laura Garza,Customer,500000,900,MM,47640
Retail,Dixon108 Inc,Employee Referral,Thailand,,Doroth Gardner,Customer,500000,900,ENT,47650
Media,Warner109 Inc,Advertisement,USA,ND,Irene McCoy,Customer,500000,900,COMM,47750
Banking,Medina110 Inc,Trade Show,Normway,,Irene Kelley,Customer,500000,900,SMB,47781
Finance,Cannon111 Inc,Partner,Italy,,Laura Palmer,Customer,500000,900,GB,47910
Technology,Schultz112 Inc,Employee Referral,USA,CO,Nicolas Weaver,Partner,500000,900,MM,47110
Manufacturing,Pittman113 Inc,Partner,Canada,SD,Laura Garza,Customer,500000,900,MM,47190
Manufacturing,Ramsey114 Inc,Word of mouth,Canada,WA,Catherine Brown,Customer,500000,900,COMM,47250
Apparel,Parks115 Inc,Partner,India,,Chris Riley,Customer,500000,900,COMM,47591
Retail,Guzman116 Inc,Advertisement,Mexico,,Chris Riley,Customer,500000,900,MM,47640
Energy,Cook117 Inc,Public Relations,Thailand,,Chris Riley,Customer,500000,900,GB,47650
Engineering,Webster118 Inc,Employee Referral,Canada,DE,Eric Gutierrez,Partner,500000,900,SMB,47750
Healthcare,Francis119 Inc,Seminar - Internal,Turkey,,Nicolas Weaver,Customer,500000,900,MM,47781
Consulting,Jackson120 Inc,Word of mouth,Sweden,,John Williams,Customer,500000,900,GB,47910
Biotechnology,Malone121 Inc,Word of mouth,United Kingdom,,Harold Campbell,Customer,500000,900,SMB,47110
Technology,Hansen313 Inc,Public Relations,Italy,,Laura Garza,Customer,500000,900,ENT,47190
Utilities,Cook314 Inc,Partner,USA,VT,Dennis Howard,Customer,500000,900,MM,47250
Engineering,Malone315 Inc,Word of mouth,Russian,,Laura Palmer,Customer,500000,900,SMB,47591
Engineering,Page316 Inc,Web,USA,NY,Harold Campbell,Customer,500000,900,GB,47640
Insurance,Diaz317 Inc,Web,Taiwan,,Irene Kelley,Partner,500000,900,COMM,47650
Utilities,Brewer318 Inc,Partner,Canada,AL,Dennis Howard,Customer,500000,900,GB,47750
Energy,Stewart319 Inc,Web,Canada,MT,Laura Palmer,Partner,500000,900,COMM,47781
Agriculture,Myers320 Inc,Employee Referral,Japan,,Irene Kelley,Partner,500000,900,SMB,47910
Apparel,Tate321 Inc,Partner,France,,Julie Chavez,Customer,500000,900,SMB,47110
Apparel,Fowler322 Inc,Public Relations,Canada,ND,Irene Kelley,Partner,500000,900,SMB,47190
Media,Marsh323 Inc,Word of mouth,USA,CT,Julie Chavez,Customer,500000,900,SMB,47250
Utilities,Cortez324 Inc,Web,Germany,,Doroth Gardner,Partner,500000,900,SMB,47591
Engineering,Dennis325 Inc,Trade Show,Canada,NH,Harold Campbell,Partner,500000,900,ENT,47640
Media,Haynes326 Inc,Advertisement,Canada,TN,Eric Gutierrez,Customer,500000,900,SMB,47650
Banking,Ellis327 Inc,Trade Show,Korea,,Irene McCoy,Customer,500000,900,MM,47750
Retail,Black328 Inc,Public Relations,Korea,,Julie Chavez,Partner,500000,900,MM,47781
Insurance,Gill329 Inc,Web,Canada,MD,Nicolas Weaver,Partner,500000,900,COMM,18202
Insurance,Hale330 Inc,Advertisement,USA,NY,Eric Sanchez,Partner,500000,900,COMM,18203
Apparel,Hill331 Inc,Employee Referral,USA,IN,Laura Garza,Customer,500000,900,SMB,47430
Energy,Hicks332 Inc,Partner,China,,Catherine Brown,Customer,500000,900,GB,47741
Communications,Rowe333 Inc,Public Relations,Canada,SD,Laura Garza,Customer,500000,900,ESMB,62011
Finance,Pittman334 Inc,Trade Show,Canada,NH,Laura Palmer,Customer,500000,900,COMM,62090
Electronics,Adams335 Inc,Employee Referral,Hong Kong,,John Williams,Customer,500000,900,SMB,18202
Finance,Atkins336 Inc,Advertisement,Mexico,,Irene McCoy,Customer,500000,900,MM,18203
Education,Mitchell534 Inc,Employee Referral,Normway,,Irene Kelley,Customer,500000,900,GB,47430
Finance,Duncan535 Inc,Employee Referral,Canada,NM,Kelly Frazier,Partner,500000,900,SMB,47741
Energy,Crawford536 Inc,Partner,Canada,VA,Irene Kelley,Customer,500000,900,SMB,62011
Transportation,Morton537 Inc,Employee Referral,Canada,LA,Kelly Frazier,Customer,500000,900,MM,62090
Retail,Conner538 Inc,Word of mouth,Japan,,Doroth Gardner,Partner,500000,900,SMB,18202
Finance,Tran539 Inc,Web,USA,CT,Evelyn Williamson,Customer,500000,900,GB,18203
Consulting,Davis540 Inc,Web,Canada,CT,Julie Chavez,Customer,500000,900,MM,47430
Technology,Morris541 Inc,Employee Referral,USA,RI,Laura Palmer,Partner,500000,900,COMM,47741
Education,McKinney542 Inc,Employee Referral,Thailand,,Irene Kelley,Customer,500000,900,SMB,62011
Consulting,Barnett543 Inc,Employee Referral,Hong Kong,,Irene Kelley,Partner,500000,900,GB,62090
Retail,Potter544 Inc,Employee Referral,Canada,WY,Irene McCoy,Partner,500000,900,GB,18202
Healthcare,Freeman545 Inc,Trade Show,Spain,,Johnny Green,Partner,500000,900,COMM,18203
Apparel,Caldwell546 Inc,Employee Referral,Italy,,Eric Gutierrez,Partner,500000,900,ESMB,47430
Healthcare,Bowen547 Inc,Word of mouth,France,,Dennis Howard,Customer,500000,900,MM,47741
Biotechnology,Torres548 Inc,Public Relations,Spain,,Chris Riley,Customer,500000,900,SMB,62011
Finance,Phelps549 Inc,Employee Referral,USA,TN,Nicolas Weaver,Customer,500000,900,ESMB,62090
Insurance,Garza550 Inc,Public Relations,USA,DC,Eric Gutierrez,Customer,500000,900,ESMB,18202
Consulting,Owens551 Inc,Web,Japan,,Laura Garza,Partner,500000,900,ENT,18203
Insurance,Phillips552 Inc,Web,Canada,MI,Eric Gutierrez,Customer,500000,400,SMB,47430
Engineering,Long553 Inc,Public Relations,Canada,OK,Johnny Green,Customer,500000,400,GB,47741
Media,Gibbs554 Inc,Word of mouth,Normway,,Dennis Howard,Partner,500000,400,MM,62011
Electronics,Stone555 Inc,Word of mouth,Italy,,Harold Campbell,Customer,500000,400,ESMB,62090
Consulting,Pittman556 Inc,Partner,Canada,ID,Dennis Howard,Customer,700000,400,MM,18202
Apparel,Clayton557 Inc,Word of mouth,Australia,,John Williams,Partner,700000,400,ESMB,18203
Electronics,Smith558 Inc,Seminar - Internal,Canada,SD,Laura Palmer,Partner,700000,400,COMM,47430
Technology,Williamson719 Inc,Seminar - Internal,Singapore,,Chris Riley,Partner,700000,400,SMB,47741
Engineering,Munoz720 Inc,Word of mouth,Canada,IL,John Williams,Customer,700000,400,COMM,62011
Education,Robertson721 Inc,Web,USA,NY,Evelyn Williamson,Customer,700000,400,ENT,62090
Manufacturing,Phillips722 Inc,Partner,USA,SC,Catherine Brown,Partner,700000,400,GB,18202
Banking,Wade723 Inc,Trade Show,Canada,IL,Laura Garza,Customer,700000,400,SMB,18203
Agriculture,Munoz724 Inc,Employee Referral,India,,Irene Kelley,Customer,700000,400,MM,47430
Finance,Jones725 Inc,Employee Referral,Canada,IL,Chris Riley,Customer,700000,400,MM,47741
Consulting,Cole726 Inc,Advertisement,Germany,,Irene Kelley,Customer,700000,400,ESMB,62011
Transportation,Wallace727 Inc,Employee Referral,Singapore,,Eric Sanchez,Customer,700000,400,SMB,62090
Utilities,Ellis728 Inc,Trade Show,Italy,,Irene Kelley,Customer,700000,400,SMB,18202
Consulting,Jensen729 Inc,Advertisement,Canada,KY,Irene Kelley,Partner,700000,400,SMB,18203
Energy,Joseph730 Inc,Trade Show,Canada,ME,Evelyn Williamson,Customer,700000,400,MM,47430
Banking,Cortez731 Inc,Seminar - Internal,Australia,,Irene Kelley,Customer,700000,400,SMB,47741
Consulting,McGuire732 Inc,Word of mouth,Turkey,,Eric Gutierrez,Customer,700000,400,MM,62011
Agriculture,Fleming733 Inc,Trade Show,France,,Bruce Kennedy,Partner,700000,400,SMB,62090
Engineering,Hopkins734 Inc,Trade Show,Switzerland,,Catherine Brown,Customer,700000,400,ENT,18202
Manufacturing,Jordan735 Inc,Word of mouth,China,,Bruce Kennedy,Customer,700000,400,ESMB,18203
Engineering,Schneider736 Inc,Word of mouth,Spain,,Chris Riley,Customer,700000,400,COMM,47430
Engineering,Sanchez737 Inc,Seminar - Internal,Japan,,Kelly Frazier,Customer,700000,400,MM,47741
Technology,Ferguson738 Inc,Employee Referral,Japan,,Kelly Frazier,Partner,700000,400,MM,62011
Education,Hopkins739 Inc,Employee Referral,USA,KY,Bruce Kennedy,Customer,700000,400,MM,62090
Biotechnology,Berry740 Inc,Web,Italy,,Laura Garza,Customer,700000,400,ENT,18202
Energy,Grant741 Inc,Employee Referral,Switzerland,,Kelly Frazier,Customer,700000,400,SMB,18203
Utilities,Grant742 Inc,Advertisement,Australia,,John Williams,Customer,700000,400,GB,47430
Energy,Mitchell743 Inc,Advertisement,Canada,LA,Bruce Kennedy,Customer,700000,400,GB,47741
Banking,Carlson744 Inc,Employee Referral,USA,DE,Bruce Kennedy,Partner,700000,400,MM,62011
Biotechnology,Rogers895 Inc,Employee Referral,USA,WA,Irene Kelley,Partner,700000,400,SMB,62090
Banking,Maxwell896 Inc,Word of mouth,USA,NM,Doroth Gardner,Customer,700000,400,GB,18202
Energy,Santos897 Inc,Seminar - Internal,Canada,WY,Nicolas Weaver,Partner,700000,400,SMB,18203
Manufacturing,James898 Inc,Word of mouth,Canada,OH,Catherine Brown,Customer,700000,400,GB,47430
Technology,Lindsey899 Inc,Web,USA,NV,Catherine Brown,Partner,700000,400,SMB,47741
Energy,Luna900 Inc,Trade Show,USA,NH,Bruce Kennedy,Customer,700000,400,MM,62011
Technology,Holt901 Inc,Word of mouth,Spain,,Dennis Howard,Customer,700000,400,MM,62090
Education,Dean902 Inc,Public Relations,Australia,,Dennis Howard,Customer,700000,400,ESMB,18202
Media,Elliott903 Inc,Partner,Belgium,,Evelyn Williamson,Customer,700000,400,MM,47421
Transportation,Mann904 Inc,Trade Show,USA,MA,Irene Kelley,Customer,700000,400,ESMB,47429
Technology,Park905 Inc,Trade Show,Japan,,Nicolas Weaver,Customer,700000,400,SMB,61100
Technology,Bennett906 Inc,Seminar - Internal,Japan,,Laura Garza,Partner,700000,400,GB,61200
Transportation,Adkins907 Inc,Trade Show,USA,HI,Dennis Howard,Customer,700000,400,SMB,61300
Banking,Sharp908 Inc,Web,USA,HI,Irene McCoy,Customer,700000,400,MM,61900
Technology,Carson909 Inc,Trade Show,Canada,PA,Johnny Green,Customer,700000,400,COMM,47421
Communications,Davis910 Inc,Seminar - Internal,USA,MA,Doroth Gardner,Customer,700000,400,SMB,47429
Technology,Ferguson911 Inc,Word of mouth,Normway,,Eric Sanchez,Customer,700000,400,GB,61100
Biotechnology,Robinson912 Inc,Web,Canada,KY,John Williams,Customer,700000,400,MM,61200
Electronics,Richards913 Inc,Word of mouth,Canada,NH,Irene McCoy,Customer,700000,400,GB,61300
Media,Ingram914 Inc,Word of mouth,Taiwan,,Johnny Green,Customer,700000,400,SMB,61900
Biotechnology,Dixon915 Inc,Trade Show,Denmark,,Eric Sanchez,Customer,700000,400,ESMB,47421
Engineering,Mullins916 Inc,Employee Referral,Japan,,Eric Sanchez,Partner,700000,400,COMM,47429
Agriculture,Malone917 Inc,Employee Referral,Canada,ME,Laura Garza,Partner,700000,400,COMM,61100
Consulting,Walters918 Inc,Employee Referral,Denmark,,Eric Sanchez,Partner,700000,400,MM,61200
Apparel,Love919 Inc,Trade Show,Normway,,Evelyn Williamson,Customer,700000,400,ENT,61300
Biotechnology,Griffin920 Inc,Partner,USA,AK,Dennis Howard,Customer,700000,400,COMM,61900
Retail,Cunningham337 Inc,Partner,Hong Kong,,Harold Campbell,Customer,700000,400,SMB,47421
Engineering,Byrd338 Inc,Public Relations,Spain,,Nicolas Weaver,Customer,700000,400,COMM,47429
Technology,Poole339 Inc,Employee Referral,Singapore,,Johnny Green,Customer,700000,400,MM,61100
Manufacturing,Massey340 Inc,Word of mouth,Italy,,Eric Gutierrez,Customer,700000,400,SMB,61200
Media,Garza341 Inc,Trade Show,India,,Eric Sanchez,Customer,700000,400,GB,61300
Media,Simpson342 Inc,Public Relations,Canada,HI,Johnny Green,Customer,700000,400,SMB,61900
Insurance,Shaw343 Inc,Employee Referral,Canada,NY,Bruce Kennedy,Customer,700000,400,ESMB,47421
Manufacturing,Clayton344 Inc,Web,USA,CA,Eric Gutierrez,Customer,700000,400,MM,47429
Technology,Armstrong345 Inc,Employee Referral,Denmark,,Laura Garza,Customer,700000,400,MM,61100
Technology,Benson346 Inc,Employee Referral,China,,Julie Chavez,Customer,700000,400,MM,61200
Education,Bowman347 Inc,Employee Referral,USA,SC,Irene McCoy,Customer,700000,400,GB,61300
Retail,Arnold348 Inc,Partner,Mexico,,Eric Sanchez,Partner,700000,400,COMM,61900
Manufacturing,Webster349 Inc,Partner,USA,IL,Laura Garza,Customer,700000,400,SMB,47421
Technology,Weaver350 Inc,Seminar - Internal,Turkey,,Julie Chavez,Partner,700000,400,MM,77341
Biotechnology,Vasquez351 Inc,Employee Referral,Singapore,,Julie Chavez,Customer,700000,400,COMM,77351
Consulting,Lowe352 Inc,Web,Japan,,John Williams,Customer,700000,400,SMB,77352
Transportation,Jensen353 Inc,Web,Japan,,Johnny Green,Customer,700000,400,SMB,80100
Telecommunications,Franklin354 Inc,Word of mouth,USA,CT,Nicolas Weaver,Customer,700000,400,GB,49100
Technology,Freeman355 Inc,Advertisement,Canada,NE,John Williams,Customer,700000,400,ESMB,49200
Insurance,Bennett356 Inc,Partner,USA,IN,Eric Gutierrez,Customer,700000,400,SMB,49311
Consulting,Stewart357 Inc,Partner,Japan,,Chris Riley,Customer,700000,400,ESMB,49319
Media,Abbott358 Inc,Partner,USA,AR,Eric Sanchez,Customer,700000,400,MM,49320
Banking,Mills359 Inc,Partner,Canada,GA,Julie Chavez,Customer,700000,400,COMM,49390
Insurance,Roy360 Inc,Advertisement,Taiwan,,Nicolas Weaver,Customer,700000,400,ENT,77341
Manufacturing,Joseph361 Inc,Web,Switzerland,,Eric Sanchez,Partner,700000,400,MM,77351
Retail,Richards362 Inc,Trade Show,Singapore,,Irene Kelley,Partner,700000,400,MM,77352
Energy,Ross559 Inc,Employee Referral,Canada,NH,Harold Campbell,Partner,700000,400,ESMB,80100
Education,Russell560 Inc,Employee Referral,Japan,,Irene McCoy,Customer,700000,400,ENT,49100
Finance,Watkins561 Inc,Web,USA,AR,Laura Garza,Partner,700000,400,MM,49200
Banking,Beck562 Inc,Trade Show,Canada,MD,Doroth Gardner,Customer,700000,400,SMB,49311
Insurance,Keller563 Inc,Web,France,,Harold Campbell,Customer,700000,400,MM,49319
Electronics,Brady564 Inc,Web,USA,CA,Chris Riley,Customer,700000,400,MM,49320
Energy,Austin565 Inc,Seminar - Internal,Canada,KS,Harold Campbell,Partner,700000,400,MM,49390
Technology,Todd566 Inc,Employee Referral,Taiwan,,Eric Gutierrez,Partner,700000,400,ESMB,77341
Telecommunications,Green567 Inc,Employee Referral,Switzerland,,John Williams,Partner,700000,400,SMB,77351
Engineering,Long568 Inc,Web,Russian,,Irene McCoy,Customer,700000,400,ENT,77352
Retail,Horton569 Inc,Word of mouth,Canada,ID,Eric Gutierrez,Customer,700000,400,ESMB,80100
Communications,Mitchell570 Inc,Word of mouth,Japan,,Chris Riley,Customer,700000,400,GB,49100
Education,Freeman571 Inc,Web,Canada,OK,Irene Kelley,Customer,700000,400,SMB,49200
Engineering,Fox572 Inc,Employee Referral,Spain,,Irene Kelley,Partner,700000,400,MM,49311
Technology,Haynes573 Inc,Word of mouth,Switzerland,,Doroth Gardner,Partner,700000,400,MM,49319
Biotechnology,Cain574 Inc,Advertisement,Switzerland,,Evelyn Williamson,Partner,700000,400,ENT,49320
Finance,Grant575 Inc,Seminar - Internal,Canada,AL,Julie Chavez,Partner,700000,400,SMB,49390
Banking,Bowen576 Inc,Employee Referral,USA,HI,Kelly Frazier,Customer,700000,400,SMB,77341
Insurance,Tucker577 Inc,Word of mouth,USA,CO,Eric Gutierrez,Customer,700000,400,SMB,77351
Education,Vargas578 Inc,Employee Referral,Canada,UT,Chris Riley,Partner,700000,400,ESMB,77352
Retail,Hernandez579 Inc,Web,Canada,HI,Doroth Gardner,Partner,700000,400,SMB,80100
Transportation,Griffith580 Inc,Trade Show,USA,TX,Doroth Gardner,Partner,700000,400,ESMB,49100
Finance,Ford745 Inc,Partner,USA,WA,Catherine Brown,Customer,700000,400,SMB,49200
Engineering,Greer746 Inc,Public Relations,Canada,NM,Irene McCoy,Partner,700000,400,SMB,49311
Insurance,Douglas747 Inc,Word of mouth,United Kingdom,,Catherine Brown,Customer,700000,400,GB,49319
Manufacturing,Mendoza748 Inc,Partner,Switzerland,,Harold Campbell,Partner,700000,400,GB,49320
Telecommunications,Hall749 Inc,Word of mouth,Japan,,Johnny Green,Customer,700000,400,MM,49390
Banking,Payne750 Inc,Employee Referral,USA,MO,Irene McCoy,Partner,700000,400,ENT,77341
Retail,Freeman751 Inc,Partner,Germany,,Eric Gutierrez,Customer,2000000,1100,ENT,77351
Banking,Rivera752 Inc,Trade Show,USA,GA,Evelyn Williamson,Customer,2000000,1100,MM,77352
Technology,Chambers753 Inc,Word of mouth,Australia,,Dennis Howard,Partner,2000000,1100,GB,80100
Energy,Gill754 Inc,Employee Referral,Mexico,,Doroth Gardner,Partner,2000000,1100,MM,49100
Biotechnology,Becker755 Inc,Web,Japan,,Chris Riley,Partner,2000000,1100,ENT,49200
Education,Harper756 Inc,Public Relations,USA,SD,Doroth Gardner,Customer,2000000,1100,COMM,49311
Manufacturing,Ramirez757 Inc,Advertisement,Belgium,,Johnny Green,Partner,2000000,1100,ESMB,49319
Telecommunications,Hall758 Inc,Employee Referral,USA,NJ,Chris Riley,Customer,2000000,1100,SMB,49320
Media,Reynolds759 Inc,Public Relations,Canada,AL,Eric Sanchez,Customer,2000000,1100,ENT,49390
Finance,Hogan760 Inc,Advertisement,India,,Harold Campbell,Partner,2000000,1100,ENT,77341
Apparel,Hoffman761 Inc,Word of mouth,China,,Harold Campbell,Customer,2000000,1100,ENT,77351
Insurance,Fleming762 Inc,Trade Show,USA,RI,Chris Riley,Customer,2000000,1100,ENT,61100
Electronics,Brewer763 Inc,Trade Show,India,,Dennis Howard,Customer,2000000,1100,SMB,35130
Technology,Sharp764 Inc,Employee Referral,Canada,MS,Eric Sanchez,Customer,2000000,1100,SMB,35220
Communications,Myers765 Inc,Partner,Canada,MA,Eric Gutierrez,Customer,2000000,1100,MM,36000
Electronics,Greer766 Inc,Advertisement,Canada,UT,Catherine Brown,Customer,2000000,1100,MM,38110
Energy,Casey767 Inc,Advertisement,United Kingdom,,Evelyn Williamson,Customer,2000000,1100,GB,35130
Manufacturing,Rodriguez768 Inc,Web,Japan,,Nicolas Weaver,Customer,2000000,1100,SMB,35220
Insurance,Wilkerson769 Inc,Employee Referral,Japan,,Dennis Howard,Customer,2000000,1100,ENT,36000
Telecommunications,Cooper770 Inc,Advertisement,United Kingdom,,John Williams,Partner,2000000,1100,SMB,38110
Engineering,Lawson921 Inc,Word of mouth,Normway,,Catherine Brown,Customer,2000000,1100,GB,35130
Retail,Bennett922 Inc,Advertisement,Italy,,Nicolas Weaver,Customer,2000000,1100,ESMB,35220
Electronics,Pierce923 Inc,Partner,Hong Kong,,Julie Chavez,Partner,2000000,1100,ESMB,36000
Utilities,Turner924 Inc,Partner,Korea,,Doroth Gardner,Customer,2000000,1100,ESMB,38110
Education,Graves925 Inc,Word of mouth,China,,Harold Campbell,Customer,2000000,1100,ENT,35130
Engineering,Bryan926 Inc,Web,Singapore,,Harold Campbell,Customer,2000000,1100,GB,35220
Retail,Blair927 Inc,Trade Show,Japan,,Dennis Howard,Customer,2000000,1100,MM,36000
Apparel,Collins928 Inc,Advertisement,Singapore,,Laura Palmer,Customer,2000000,1100,SMB,38110
Utilities,Harrison929 Inc,Word of mouth,Mexico,,John Williams,Customer,2000000,1100,ESMB,35130
Biotechnology,Harris930 Inc,Trade Show,Thailand,,Kelly Frazier,Customer,2000000,1100,COMM,35220
Finance,McCarthy931 Inc,Trade Show,Canada,MT,Eric Sanchez,Partner,2000000,1100,MM,36000
Telecommunications,Patterson932 Inc,Employee Referral,USA,LA,Doroth Gardner,Customer,2000000,1100,MM,38110
Energy,Hopkins933 Inc,Employee Referral,Switzerland,,Eric Sanchez,Customer,2000000,1100,SMB,35130
Insurance,Brewer934 Inc,Partner,Brazil,,Bruce Kennedy,Customer,2000000,1100,SMB,35220
Electronics,Stokes935 Inc,Advertisement,Hong Kong,,Eric Sanchez,Customer,2000000,1100,SMB,36000
Telecommunications,Mendoza936 Inc,Trade Show,China,,Laura Garza,Customer,2000000,1100,COMM,38110
Agriculture,Glover937 Inc,Employee Referral,USA,AZ,Eric Gutierrez,Customer,2000000,1100,GB,35130
Energy,Bowen938 Inc,Advertisement,USA,CT,John Williams,Customer,2000000,1100,SMB,35220
Biotechnology,Watkins939 Inc,Employee Referral,United Kingdom,,Eric Gutierrez,Customer,2000000,1100,SMB,36000
Finance,Bowman940 Inc,Trade Show,United Kingdom,,Laura Garza,Customer,2000000,1100,ESMB,38110
Apparel,Brewer941 Inc,Partner,Brazil,,Laura Garza,Partner,2000000,1100,SMB,35130
Agriculture,Bailey942 Inc,Word of mouth,USA,IA,Laura Palmer,Customer,2000000,1100,SMB,35220
Consulting,Lynch943 Inc,Advertisement,India,,Johnny Green,Customer,2000000,1100,SMB,36000
Insurance,Holloway944 Inc,Web,Singapore,,Kelly Frazier,Customer,2000000,1100,MM,38110
Insurance,Holmes945 Inc,Advertisement,Hong Kong,,Eric Sanchez,Customer,2000000,1100,ENT,35130
Consulting,Santiago946 Inc,Seminar - Internal,Normway,,John Williams,Customer,2000000,1100,MM,35220
Manufacturing,Acme,,USA,NY,Admin User,Partner,2000000,1100,GB,36000
Media,Global Media,,Canada,Ontario,Admin User,Customer,2000000,1100,ENT,38110